ID,Page,Toc
001,2,◆目次
001,3,大連港口　（大連）　[第1回]
001,4,定期船々客上陸　（大連）　[第1回]
001,5,蒙古の沙丘　（蒙古）　[第1回]
001,6,蒙古美人　（蒙古）　[第1回]
001,7,放牧　（蒙古）　[第2回]
001,8,牛糞の貯蔵　（蒙古）　[第2回]
001,9,蒙古包の装飾　（蒙古）　[第2回]
001,10,井戸　（蒙古）　[第2回]
001,11,驕駝　（風俗）　[第3回]
001,12,メーリン廟の喇嘛塔　（蒙古）　[第3回]
001,13,沙漠の日の出　（蒙古）　[第4回]
001,14,オボ　（蒙古）　[第4回]
001,15,茂林廟本堂　[第5回]
001,16,蒙古牛車　（蒙古）　[第5回]
001,17,砂丘の髑髏　（蒙古）　[第8回]
001,18,駱駝隊　[第8回]
001,19,剣の舞　（朝鮮）　[第5回]
001,20,朝鮮の婦人　（風俗）　[第5回]
001,21,道士　（風俗）　[第1回]
001,22,無量観　（千山）　[第1回]
001,23,新万物相（其一）　[第1回]
001,24,美しい庫底の港　（金剛山）　[第1回]
001,25,九竜淵　（金剛山）　[第3回]
001,26,玉女峰山頂より見た彩霞峰の雄姿　（金剛山）　[第3回]
001,27,高粱の刈入　（風俗）　[第3回]
001,28,高粱の脱穀　（風俗）　[第3回]
001,29,千山竜泉寺　（千山）　[第4回]
001,30,水稲の収穫　（風俗）　[第4回]
001,31,満洲の娘　（風俗）　[第4回]
001,32,石臼を挽く驢馬　（風俗）　[第4回]
001,33,冬の千山　[第5回]
001,34,冬の千山　[第5回]
001,35,興安嶺の落葉松　（北満）　[第6回]
001,36,雪中の樵作業　（北満）　[第6回]
001,37,興安嶺の樵夫　（北満）　[第6回]
001,38,牛肉の斧割　（北満）　[第6回]
001,39,松花江の結氷　（北満）　[第6回]
001,40,松花江のサー二　（北満）　[第6回]
001,41,大連港の凍結　[第6回]
001,42,南支那の戎克　（大連）　[第6回]
001,43,木の都吉林　[第6回]
001,44,氷上の帆掛橇　（営口）　[第6回]
001,45,興安嶺森林中の牧牛　[第7回]
001,46,興安嶺の森林　[第7回]
001,47,酷寒中の杣作業　[第7回]
001,48,穴居生活　[第7回]
001,49,雪の興安嶺　[第7回]
001,50,札免公司のスレツパー置場　[第7回]
001,51,アイスホツケー　[第7回]
001,52,橇遊び　（ハルビン）　[第7回]
001,53,海凍る　（大連）　[第7回]
001,54,氷上の荷役　（大連）　[第7回]
001,55,街頭のエピソード　（北満）　[第5回]
001,56,郊外の平和郷　（北満）　[第5回]
001,57,苦力部落の一角　（支那風俗）　[第5回]
001,58,塩田潮汲用風車　（産業）　[第5回]
001,59,赤い哈爾賓ステーシヨン（北満）　[第4回]
001,60,哈爾賓市街　（北満）　[第4回]
001,61,寺児溝苦力部落　（大連）　[第3回]
001,62,娘々廟の祭典　（大石橋）　[第3回]
001,63,大連市役所　（大連）　[第3回]
001,64,大連小崗子　（大連）　[第3回]
001,65,大広場の夏　（大連）　[第4回]
001,66,大連市浪速町通り　（大連）　[第4回]
001,67,大広場の朝　（大連）　[第2回]
001,68,戎克　（大連）　[第2回]
001,69,奉天四平街通り　（奉天）　[第1回]
001,70,北陵　（奉天の史蹟）　[第1回]
001,71,農事試験場の放牧　（産業）　[第2回]
001,72,支那老人　（風俗）　[第2回]
001,73,奉天駅頭の乗物の集合　（奉天）　[第2回]
001,74,鴨緑江の筏　（安東）　[第2回]
001,75,角山寺附近の展望　（山海関）　[第8回]
001,76,大磐石の家　（山海関玄陽洞）　[第8回]
001,77,昿原の悲劇　（北満）　[第8回]
001,78,呼倫貝爾原頭の放牧　[第8回]
001,79,遼河の流氷　[第8回]
001,80,蘇る遼河の春　[第8回]
001,81,豆粕荷卸作業　[第8回]
001,82,特産物の野積　（大連）　[第8回]
001,83,鳥瞰の万里の長城　（山海関）　[第9回]
001,84,狼煙台　（山海関）　[第9回]
001,85,蒙古の王さん　（風俗）　[第9回]
001,86,搾乳　（蒙古）　[第9回]
001,87,山海関城壁　[第9回]
001,88,二郎廟附近の山勢　（山海関にて）　[第9回]
001,89,錦州漬　[第9回]
001,90,蒙古へ　（錦州にて）　[第9回]
001,91,大豆囤積　（開原にて）　[第9回]
001,92,苦力　（開原にて）　[第9回]
001,93,蒙古包　（蒙古）　[第10回]
001,94,窓を有する蒙古包　[第10回]
001,95,泰山の山頂から　（山東省）　[第10回]
001,96,泰山碧霞元君廟　（山東省）　[第10回]
001,97,経石峪　（泰山）　[第10回]
001,98,石摺り　（泰山）　[第10回]
001,99,帆かけ一輪車　（山東省）　[第10回]
001,100,一輪車　（山東省）　[第10回]
001,101,娘々廟の祭典　其一　（大石橋）　[第10回]
001,102,満洲婦人の髪飾　（湯崗子）　[第10回]
001,103,牡丹台の展望　（朝鮮）　[第11回]
001,104,京城全市街　（朝鮮）　[第11回]
001,105,楊貴妃の舞　[第11回]
001,106,支那戯筱　＝漁家楽＝　[第11回]
001,107,蒙古牛車　（蒙古）
001,108,街頭の駱駝　（満洲里）　[第11回]
001,109,千山無量観境内の日時計　（南満）　[第11回]
001,110,無量観の展望　（南満）　[第11回]
001,111,孔子廟奎文閣　（曲阜）　[第11回]
001,112,洙水橋　（曲阜）　[第11回]
001,113,税関桟橋　（上海）　[第12回]
001,114,印度巡査　（上海）　[第12回]
001,115,黄浦灘路＝バンド　（上海）　[第12回]
001,116,罷市中の南京路　（上海）　[第12回]
001,117,寒山寺　（蘇州）　[第12回]
001,118,寒山寺の詩碑　（蘇州）　[第12回]
001,119,女夫船頭　（上海）　[第12回]
001,120,小渡船　（上海）　[第12回]
001,121,明の孝陵　（南京）　[第12回]
001,122,明孝陵　石獣像　（南京）　[第12回]
001,123,雪の杣小屋　（興安嶺）　[第13回]
001,124,連山関附近の雪景　（安奉線）　[第13回]
001,125,興安嶺の白樺　　（北満）　[第13回]
001,126,霜の花　（北満）　[第13回]
001,127,船の部落　（南支）　[第13回]
001,128,乞丐船　（南支）　[第13回]
001,129,蘇州城外の運河　（南支）　[第13回]
001,130,鵜飼船　（蘇州郊外）　　[第13回]
001,131,橋　（蘇州附近）　[第13回]
001,132,水田の潅漑　（南京）　[第13回]
001,133,支那農家　（南満）　[第14回]
001,134,天斉廟　（大連西崗子）　[第14回]
001,135,至聖孔子の墳塋　（山東曲阜）　[第14回]
001,136,石門　（山東曲阜）　[第14回]
001,137,支那兵　（山海関にて）　[第14回]
001,138,蓮歩楚々　（湯崗子）　[第14回]
001,139,釣魚台附近　（安奉線橋頭）　[第14回]
001,140,釣魚台　（安奉線橋頭）　[第14回]
001,141,哈爾賓街頭所見　（北満）　[第14回]
001,142,北陵の山門　（奉天）　[第14回]
001,143,鴨緑江上流の朝色　[第15回]
001,144,天池湖　その一　（白頭山頂）　[第15回]
001,145,天池湖　その二　（白頭山頂）　[第15回]
001,146,白頭山の遠望　（無頭峰にて）　[第15回]
001,147,山頂の火口壁　（白頭山）　[第15回]
001,148,上流の処女林　（白頭山附近）　[第15回]
001,149,国境碑　（白頭山）　[第15回]
001,150,筏組み　（鴨緑江上流にて）　[第15回]
001,151,筏　（鴨緑江上流にて）　[第15回]
001,152,三池湖　（白頭山附近）　[第15回]
001,153,正陽内の譙楼　（北京）　[第16回]
001,154,玉泉山から見た水田　（北京郊外）　[第16回]
001,155,香山の古塔　（北京郊外）　[第16回]
001,156,石舫　（北京万寿山）　[第16回]
001,157,寶雲閣　（北京万寿山）　[第16回]
001,158,昆明胡より仏香閣を　（北京万寿山）　[第16回]
001,159,ラマ塔　（北京万寿山）　[第16回]
001,160,十七孔橋　（北京万寿山）　[第16回]
001,161,碧雲寺　（北京郊外）　[第16回]
001,162,碧雲寺金剛寶座　（北京郊外）　[第16回]
001,163,鳩売り　（北京所見）　[第17回]
001,164,大道床屋＝剃頭節［テートージヱ］＝　（北京所見）　[第17回]
001,165,義和団犠牲者の碑　（北京）　[第17回]
001,166,煤球児［メイチユール］＝練炭＝　（北京にて）　[第17回]
001,167,元の土城趾　（北京郊外）　[第17回]
001,168,公使舘区域　（北京）　[第17回]
001,169,北海　（北京）　[第17回]
001,170,紫禁城（一）　（北京）　[第17回]
001,171,紫禁城（二）　（北京）　[第17回]
001,172,天壇祈年殿　（北京）　[第17回]
002,2,◆目次
002,3,ろふそく岩の碧潭　（灤河）　[第18回]
002,4,灤河吟　（灤河）　[第18回]
002,5,長城附近の潮河　（古北口）　[第18回]
002,6,曳き船　（灤河）　[第18回]
002,7,灤河の船運　（灤河）　[第2?回]
002,8,灤河の風呂敷帆　（灤河）　[第18回]
002,9,舞踊天女　（山西省雲岡）　[第19回]
002,10,後宮嬉戯の図　（山西省雲岡）　[第19回]
002,11,西方窟全景　二　（山西省雲岡）　[第19回]
002,12,礼讃の女像　（山西省雲岡）　[第19回]
002,13,寒泉洞支提塔　（山西省雲岡）　[第19回]
002,14,多面多臂神　（山西省雲岡）　[第19回]
002,15,古北口の街　[第20回]
002,16,駄驕　（熱河附近）　[第20回]
002,17,峡中の船　（灤河）　[第18回]
002,18,午時の一ト息　（灤河）　[第18回]
002,19,沿岸の小市場　（灤河）　[第18回]
002,20,河水清　（灤河）　[第18回]
002,21,釈迦説法　（山西省雲岡）　[第19回]
002,22,丸彫の立像　（山西省雲岡）　[第19回]
002,23,六朝仏の典型　（山西省雲岡）　[第19回]
002,24,西方窟全景　一　（山西省雲岡）　[第19回]
002,25,相抱く双塔山　（熱河附近）　[第20回]
002,26,支那素麺　（北京郊外）　[第20回]
002,27,四ツ目井戸　（牛欄山）　[第20回]
002,28,看板の門　（北京郊外）　[第20回]
002,29,瘤お爺　（熱河附近）　[第20回]
002,30,古北口附近の長城　[第20回]
002,31,古北口を圧する万里の長城　[第20回]
002,32,枕売る小娘　（石匣）　[第20回]
002,33,正月の街飾り　（蛟河にて）　[第21回]
002,34,鏡泊湖の滝　（吉林省）　[第21回]
002,35,蛟河［ジヨーホ］の歳暮［くれ］の街［まち］　（額穆県）　[第21回]
002,36,吉林山中の杣小屋　（敦化附近）　[第21回]
002,37,山中の鴉片畑　（敦化県）　[第21回]
002,38,店［デン］の指標　（鏡泊湖の氷上にて）　[第21回]
002,39,鏡泊湖氷上の店［デン］　（吉林省）　[第21回]
002,40,双岔河の材木市場　（吉林省）　[第21回]
002,41,冬の老爺嶺　（吉林省）　[第21回]
002,42,棺材の木挽　（蛟河附近にて）　[第21回]
002,43,竹林　（杭州）　[第22回]
002,44,三潭印月　其の二　（杭州）　[第22回]
002,45,玉泉躍魚　（杭州）　[第22回]
002,46,三潭印月　其の一　（杭州）　[第22回]
002,47,西湖　（杭州）　[第22回]
002,48,保俶塔　（杭州）　[第22回]
002,49,西湖の画舫　（杭州）　[第22回]
002,50,漁舟　（南支）　[第22回]
002,51,轎子　（杭州）　[第22回]
002,52,湖畔の春　（杭州西湖にて）　[第22回]
002,53,長安寺　（朝鮮金剛山）　[第23回]
002,54,水売り　（山海関にて）　[第23回]
002,55,揺籃　（蒙古）　[第23回]
002,56,支那の葬式　其の一　（風俗）　[第23回]
002,57,支那の葬式　其の二　（風俗）　[第23回]
002,58,葬式の飾り物　（北京所見）　[第23回]
002,59,山海関城内　（京奉線）　[第23回]
002,60,蒙母　[第23回]
002,61,支那芸者　（風俗）　[第23回]
002,62,海金剛　（朝鮮金剛山）　[第23回]
002,63,宜昌港岸　[第24回]
002,64,民船の仮泊　[第24回]
002,65,三游洞　[第24回]
002,66,雨中の天柱山　[第24回]
002,67,煙雨の中の馬牙山　[第24回]
002,68,巫山峡中の信号場　[第24回]
002,69,洩灘の曳船　[第24回]
002,70,峡中の船着場　[第24回]
002,71,黄牛峡　[第24回]
002,72,雨後の巫山峡　[第24回]
002,73,峡中の塔　[第25回]
002,74,風箱峡（一）　[第25回]
002,75,風箱峡（二）　[第25回]
002,76,プラントの紀念碑　[第25回]
002,77,白帝城　[第25回]
002,78,巫山県の塩積船　[第25回]
002,79,夔府附近の臭塩磧　[第25回]
002,80,三峡の水標　[第25回]
002,81,洩灘の激流　[第25回]
002,82,雲陽県城　[第25回]
002,83,竹索　（三峡）　[第26回]
002,84,香渓の情致　（三峡）　[第26回]
002,85,帰州城　（三峡）　[第26回]
002,86,民船の仮泊　（三峡）　[第26回]
002,87,上石門の史跡　（三峡）　[第26回]
002,88,もの凄き崆舲峡　（三峡）　[第26回]
002,89,鍾乳洞の家　（三峡）　[第26回]
002,90,馬牙山　（三峡）　[第26回]
002,91,巫山直下を行く船　[第26回]
002,92,絶壁を通ずる索道　（三峡）　[第26回]
002,93,長江の筏　（楊子江口近くにて）　[第27回]
002,94,漢口の街　（湖北省）　[第27回]
002,95,漢口埠頭　（湖北省）　[第27回]
002,96,重慶の碼頭　（四川省）　[第27回]
002,97,水汲み　（重慶）　[第27回]
002,98,喪服の重慶土人　（重慶所見）　[第27回]
002,99,窓から覗いた重慶　（四川省）　[第27回]
002,100,だんだらの水田　（四川省）　[第27回]
002,101,貴州街道　（四川省）　[第27回]
002,102,牌楼　（成都街道所見）　[第27回]
002,103,天津市街　（直隷省）　[第28回]
002,104,棉花船　（白河河筋にて）　[第28回]
002,105,天津碼頭　（直隷省）　[第28回]
002,106,大沽の砲台　（白河々口）　[第28回]
002,107,水準標　（白河入口にて）　[第28回]
002,108,塩の山（一）　[第28回]
002,109,塩の山（二）　[第28回]
002,110,村の嫁入り（1）　[第28回]
002,111,嫁入り（2）　[第28回]
002,112,花楼　[第28回]
002,113,明陵稜恩殿　（南口明の十三陵）　[第29回]
002,114,明の牌楼　（南口明の十三陵）　[第29回]
002,115,牌楼の彫刻　（南口明の十三陵）　[第29回]
002,116,明陵の石人（文臣）　（南口明の十三陵）　[第29回]
002,117,明陵の石人（武臣）　（南口明の十三陵）　[第29回]
002,118,明陵の石獣（駱駝）　（南口明の十三陵）　[第29回]
002,119,明陵の石獣（麒麟）　（南口明の十三陵）　[第29回]
002,120,喇嘛説方碑亭　（北京雍和宮にて）　[第29回]
002,121,雍和宮の銅炉　（北京）　[第29回]
002,122,法服を着けたる喇嘛僧　（北京雍和宮にて）　[第29回]
002,123,窯場の鳥瞰　（直隷省）　[第30回]
002,124,彭城鎮の城門　（直隷省）　[第30回]
002,125,黄土の地層　（直隷省）　[第30回]
002,126,窯の内部　（直隷省）　[第30回]
002,127,窯から出された磁州焼　（直隷省）　[第30回]
002,128,磁州出の陶器　（直隷省）　[第30回]
002,129,釉をかける陶師　（直隷省）　[第30回]
002,130,陶枕　（直隷省）　[第30回]
002,131,鉢ものをつくる陶師　（直隷省）　[第30回]
002,132,成杯された鉢　（直隷省）　[第30回]
002,133,居庸関の旧址　（直隷省）　[第31回]
002,134,六国語の銘文　（居庸関）　[第31回]
002,135,アーチ内側の西蔵仏　（居庸関）　[第31回]
002,136,摩利紅の脇像　（居庸関）　[第31回]
002,137,摩利受（広目天）　（居庸関）　[第31回]
002,138,洞門上の迦楼羅と竜女　（居庸関）　[第31回]
002,139,摩利海の脇像（一）　（居庸関）　[第31回]
002,140,摩利清（持国天）　（居庸関）　[第31回]
002,141,摩利海の脇像（二）　（居庸関）　[第31回]
002,142,摩利海の脚を支ふる青鬼　（居庸関）　[第31回]
002,143,北京の大通り　（北京）　[第32回]
002,144,元宵節の灯篭　（北京）　[第32回]
002,145,胡同の静けさ　（北京）　[第32回]
002,146,暮れの北京　（北京）　[第32回]
002,147,爆竹を売る店　（北京）　[第32回]
002,148,盧溝橋　（北京郊外）　[第32回]
002,149,芦溝暁月　（北京郊外）　[第32回]
002,150,天壇の圜丘　（北京）　[第32回]
002,151,白雲観の絵提灯　（北京）　[第32回]
002,152,支那の乞丐　（北京所見）　[第32回]
002,153,燕塵　（北京附近）　[第33回]
002,154,大和殿　（北京）　[第33回]
002,155,大和殿前庭の金水橋　（北京）　[第33回]
002,156,昆明湖の駝脊橋　（北京郊外）　[第33回]
002,157,斬刀　（北京）　[第33回]
002,158,房山の雲居寺　（直隷房山）　[第33回]
002,159,雲居寺の石窟内部　（直隷房山）　[第33回]
002,160,雲居寺の石窟内部　（直隷房山）　[第33回]
002,161,峠越江　（八達嶺附近）　[第33回]
002,162,円明園の廃墟　（北京郊外）　[第33回]
002,163,呉門橋　（蘇州）　[第34回]
002,164,蘇州城内の鳥瞰　（南支）　[第34回]
002,165,蘇州の街　（南支）　[第34回]
002,166,楓橋　（蘇州）　[第34回]
002,167,水都蘇州　（南支）　[第34回]
002,168,瑞光寺塔　（蘇州）　[第34回]
002,169,水ぐわい売り　（南支所見）　[第34回]
002,170,麦稈細工をする少女　（蘇州所見）　[第34回]
002,171,蘇州あたりの運河　（南支）　[第34回]
002,172,麻晒し　（杭州）　[第34回]
002,173,遊覧道路　[第35回]
002,174,港橋　（大連市）　[第35回]
002,175,常盤橋　[第35回]
002,176,小平島　[第35回]
002,177,老虎灘街道の文化住宅　[第35回]
002,178,大連医院　[第35回]
002,179,石■［石の右に曹］屯（一）　[第35回]
002,180,忠霊塔　[第35回]
002,181,石■［石の右に曹］屯（二）　[第35回]
002,182,王家屯の苦力部落　[第35回]
003,2,◆目録[タイトル一覧]
003,3,嶗山　（山東）　[第36回]
003,4,谿谷　（山東）　[第36回]
003,5,白雲洞附近　（山東）　[第36回]
003,6,招牌[カンバン]の起原　（山東）　[第36回]
003,7,九水の部落　（山東）　[第36回]
003,8,嶗山の山勢　（山東）　[第36回]
003,9,胡藤の花薫る　（山東）　[第36回]
003,10,白雲洞　（山東）　[第36回]
003,11,膠州湾　（山東）　[第36回]
003,12,筏の漁船　（山東）　[第36回]
003,13,済南の趵突泉　（山東省）　[第37回]
003,14,泰山の轎　（山東省）　[第37回]
003,15,泰山　（山東省）　[第37回]
003,16,泰安府泰廟　（山東省）　[第37回]
003,17,大成殿　（山東曲阜）　[第37回]
003,18,大明湖　（山東省済南）　[第37回]
003,19,洗濯　（山東にて）　[第37回]
003,20,帰り道　（山東にて）　[第37回]
003,21,水煙管　（済南にて）　[第37回]
003,22,玄陽洞　[第37回]
003,23,北響堂山の第二窟（1）　（河南省）　[第38回]
003,24,南響堂山の全景　（直隷省）　[第38回]
003,25,南響堂山下段窟第一窟の仙龕　（直隷省）　[第38回]
003,26,北響堂山第二窟（2）　（河南省）　[第38回]
003,27,北響堂山第二窟（3）　（河南省）　[第38回]
003,28,南響堂山の中段窟　（直隷省）　[第38回]
003,29,北響堂山第一窟　（河南省）　[第38回]
003,30,支提塔支ふる怪獣（北響堂山第三窟）　（河南省）　[第38回]
003,31,南響堂山下段窟第二窟の本尊仏　（直隷省）　[第38回]
003,32,北響堂山第三窟　（河南省）　[第38回]
003,33,開城市街　（朝鮮）　[第39回]
003,34,水汲み　（朝鮮）　[第39回]
003,35,水原城外　（朝鮮）　[第39回]
003,36,玉泉庵の白仏　（朝鮮京城郊外）　[第39回]
003,37,パゴダ公園の塔　（朝鮮京城）　[第39回]
003,38,白麻を乾す村　（朝鮮京城郊外）　[第39回]
003,39,北漢山の砂防工事　（朝鮮京城郊外）　[第39回]
003,40,大道易断　（朝鮮）　[第39回]
003,41,昌慶苑にて　（朝鮮京城）　[第39回]
003,42,京城郊外　（朝鮮）　[第39回]
003,43,刈穫リ　（南満金福沿線）　[第40回]
003,44,貔子窩海岸　（南満金福沿線）　[第40回]
003,45,塩田　（南満金福沿線貔子窩）　[第40回]
003,46,城子■［田の右に童］の街　（南満金福沿線）　[第40回]
003,47,碧流河々口　（南満金福沿線）　[第40回]
003,48,永安台の望台　（南満金福沿線）　[第40回]
003,49,秋影　（南満撫順附近にて）　[第40回]
003,50,亮甲店のドルメン　（南満金福沿線）　[第40回]
003,51,昿原の秋　（南満金福沿線）　[第40回]
003,52,植民する苦力群　（南満撫順附近にて）　[第40回]
003,53,燕麦の畑　（山西省）　[第41回]
003,54,曲陽附近の溝道　（山西省）　[第41回]
003,55,土雨の降る地　（山西省）　[第41回]
003,56,黄土の国　（山西省）　[第41回]
003,57,溝道中のある構図　（山西省）　[第41回]
003,58,五台県城外　（山西省）　[第41回]
003,59,五台県城　（山西省）　[第41回]
003,60,冬近き五台連峰　（山西省）　[第41回]
003,61,五台山途上　（山西省）　[第41回]
003,62,黄土の断崖　（山西省）　[第41回]
003,63,山路ゆく雲水　（山西省五台山）　[第42回]
003,64,南台の落日　（山西省五台山）　[第42回]
003,65,金閣嶺　（山西省）　[第42回]
003,66,五台の霊場めぐり　（山西省五台山）　[第42回]
003,67,北台途上　（山西省五台山）　[第42回]
003,68,豆鎮嶺の峠　（山西省）　[第42回]
003,69,五台の気象　（山西省五台山）　[第42回]
003,70,北台の異象　（山西省五台山）　[第42回]
003,71,北台の秋晴れ　（山西省五台山）　[第42回]
003,72,中台の雪景　（山西省五台山）　[第42回]
003,75,山色新
004,2,◆目録[タイトル一覧]
004,3,固定した水上街　（広東）　[第55回]
004,4,飲食店船　（広東）　[第55回]
004,5,蛋族の住む船部落　（福州）　[第54回]
004,6,炊煙を上げる水上生活者　（福州）　[第54回]
004,7,雪の朝　[第54回]
004,8,渓流の朝　[第54回]
004,9,国境の町（二）　（東支線）　[第54回]
004,10,新しき移民の村　（東支線）　[第54回]
004,11,一面坡　（東支線）　[第54回]
004,12,国境の町（一）　（東支線）　[第54回]
004,13,上海公園　（上海）　[第55回]
004,14,浦東から見た上海　（上海）　[第55回]
004,15,大上海の夜　（上海）　[第55回]
004,16,競馬　（上海）　[第55回]
004,17,水上の行商　（広東）　[第55回]
004,18,海神を祭る咒符　（香港）　[第55回]
004,19,暮れ近き蛋の部落　（広東）　[第55回]
004,20,福州の碼頭　（福建省）　[第55回]
004,21,水売舟　（香港）　[第55回]
004,22,歌に生きる蛋女　（福州）　[第55回]
004,23,三把簪　（福建省）　[第56回]
004,24,郊外風景　（福建省）　[第56回]
004,25,皷山　（福建省）　[第56回]
004,26,共同墓地　（福建省）　[第56回]
004,27,竹の筏　（福建省）　[第56回]
004,28,涌泉寺　（福建省）　[第56回]
004,29,閩江の万寿橋　（福建省）　[第56回]
004,30,福建の女　（福建省）　[第56回]
004,31,水郷の一断想　（福建省）　[第56回]
004,32,福州市街　（福建省）　[第56回]
004,33,延平の楼門　（福建省　延平）　[第57回]
004,34,閩江の上流　（福建省　延平）　[第57回]
004,35,明翠閣　（福建省　延平）　[第57回]
004,36,前嶺山の墓地　（福建省　福州）　[第57回]
004,37,福州郊外　（福建省　福州）　[第57回]
004,38,閩江の防砂工事　（福建省　福州）　[第57回]
004,39,家鴨飼　（福建省　福州）　[第57回]
004,40,福州女　（福建省　福州）　[第57回]
004,41,鎮海楼　（福建省　福州）　[第57回]
004,42,閩江の潮　（福建省　福州）　[第57回]
004,43,中山陵　（南京）　[第58回]
004,44,淮南の春光　（楊州）　[第58回]
004,45,五亭橋　（楊州）　[第58回]
004,46,村の小学校　（南京郊外）　[第58回]
004,47,玄武湖の画舫　（南京）　[第58回]
004,48,中山陵の堭闕　（南京）　[第58回]
004,49,中山道路　（南京）　[第58回]
004,50,秦淮　（南京）　[第58回]
004,51,南京南門大街通　（江蘇省）　[第58回]
004,52,茶館の昼　（南京にて）　[第58回]
004,53,珠江　（広東）　[第59回]
004,54,海珠公園　（広東）　[第59回]
004,55,鳥瞰した広東市街　（広東）　[第59回]
004,56,雨後の街裏　（広東）　[第59回]
004,57,大馬路　（広東）　[第59回]
004,58,胡同の居住者　（広東）　[第59回]
004,59,街頭の行進　（広東）　[第59回]
004,60,市街の防暑設備　（広東）　[第59回]
004,61,果物屋の店頭　（広東）　[第59回]
004,62,広東の質屋　（広東）　[第59回]
004,63,船家屋の内部　（広東）　[第60回]
004,64,花舫　（広東）　[第60回]
004,65,花舫の内部　（広東）　[第60回]
004,66,渡し船　（広東）　[第60回]
004,67,武装した民船　（広東）　[第60回]
004,68,浮船の巣　（広東）　[第60回]
004,69,浮木を背負ふ小供　（広東）　[第60回]
004,70,大家族の蛋族　（広東）　[第60回]
004,71,日よけの広東　（広東）　[第60回]
004,72,奇異なる女風俗　（広東）　[第60回]
004,73,朝陽の街　（熱河省）　[第61回]
004,74,武装せる当舗　（打通線新立屯）　[第61回]
004,75,竜巻　（熱河省）　[第61回]
004,76,医巫閭山（１）　（遼西）　[第61回]
004,77,医巫閭山（２）　（遼西）　[第61回]
004,78,錦県　（京奉線）　[第61回]
004,79,城内へ　（義県）　[第61回]
004,80,市中の古門　（京奉線錦県）　[第61回]
004,81,朝陽の三座塔の一　（熱河省）　[第61回]
004,82,旅芸人　（京奉線新立屯にて）　[第61回]
004,83,安奉線の山岳美　（南満安奉線）　[第62回]
004,84,高麗山の遠望　（南満安奉線）　[第62回]
004,85,高麗山中の奇勝　（南満安奉線）　[第62回]
004,86,高麗城跡　（南満安奉線）　[第62回]
004,87,鳳凰山中の道観　（南満安奉線）　[第62回]
004,88,裏高麗の奇勝　（南満安奉線）　[第62回]
004,89,鳳凰山上の観音洞　（南満安奉線）　[第62回]
004,90,湯山城の温泉郷　（南満安奉線）　[第62回]
004,91,温泉の朝　（南満安奉線）　[第62回]
004,92,鳳凰城　（南満安奉線）　[第62回]
004,93,悪魔除けの咒符　（熱河省二郎廟）　[第63回]
004,94,ラマ寺の本堂　（熱河省仏ラマ寺）　[第63回]
004,95,僧房の街　（熱河省仏ラマ寺）　[第63回]
004,96,ラマの法要　（熱河省仏ラマ寺）　[第63回]
004,97,活仏の住居　（熱河省仏ラマ寺）　[第63回]
004,98,活仏　（熱河省仏ラマ寺）　[第63回]
004,99,転経　（熱河省仏ラマ寺）　[第63回]
004,100,喇嘛の本尊　（熱河省仏ラマ寺）　[第63回]
004,101,屋上の式壇　（熱河省仏ラマ寺）　[第63回]
004,102,喇嘛塔　（熱河省蒙古鎮王府ラマ廟にて）　[第63回]
004,103,羅暖堡の滝　（鴨緑江）　[第64回]
004,104,上流の原始林　（鴨緑江）　[第64回]
004,105,運材軌道　（鴨緑江）　[第64回]
004,106,好仁面附近の風光　（鴨緑江）　[第64回]
004,107,葛田里の勝景　（鴨緑江）　[第64回]
004,108,鴨緑江の上流境　（鴨緑江）　[第64回]
004,109,堰　（鴨緑江）　[第64回]
004,110,国境の鮮人部落　（鴨緑江）　[第64回]
004,111,火田　（鴨緑江）　[第64回]
004,112,輯安の大将軍塚　（鴨緑江）　[第64回]
004,113,支那側の防備台　（鴨緑江）　[第65回]
004,114,国境の守備　（鴨緑江）　[第65回]
004,115,新乫坡鎮　（鴨緑江）　[第65回]
004,116,捩木造り　（鴨緑江）　[第65回]
004,117,上流の水車　（鴨緑江）　[第65回]
004,118,鴨緑江鉄橋　[第65回]
004,119,国境の町　（新義州）　[第65回]
004,120,新義州の街頭　[第65回]
004,121,貯木場光景　（新義州）　[第65回]
004,122,製紙工場　（新義州）　[第65回]
004,123,黄河の皮筏子　（綏遠省）　[第66回]
004,124,羊皮筏子　（綏遠省）　[第66回]
004,125,牛皮筏子　（綏遠省）　[第66回]
004,126,陸揚した牛皮筏　（綏遠省）　[第66回]
004,127,黄河の船人　（綏遠省）　[第66回]
004,128,羊毛を織る群　（綏遠省包頭）　[第66回]
004,129,駱駝隊　（綏遠省）　[第66回]
004,130,包頭鎮　（綏遠省）　[第66回]
004,131,土城　（綏遠省包頭）　[第66回]
004,132,塞外の露天市場　（綏遠省包頭）　[第66回]
004,133,陰山　（綏遠省・五原）　[第67回]
004,134,五原街道の宿屋　（綏遠省・五原）　[第67回]
004,135,土屋の木賃宿　（綏遠省・五原）　[第67回]
004,136,穴居の入口　（察哈爾省・卓資山）　[第67回]
004,137,穴居の鞴　（察哈爾省・卓資山）　[第67回]
004,138,大仙廟　（察哈爾省・卓資山）　[第67回]
004,139,円倉　（察哈爾省・官村）　[第67回]
004,140,五原平原　（綏遠省）　[第67回]
004,141,土砲　（察哈爾省・官村）　[第67回]
004,142,殖民都市　（綏遠省・五原）　[第67回]
004,143,綏遠城　（綏遠省）　[第68回]
004,144,商家　（帰化城）　[第68回]
004,145,帰化城内の牌楼　（綏遠省）　[第68回]
004,146,帰化城外　（綏遠省）　[第68回]
004,147,王昭君の墓　（帰化城附近）　[第68回]
004,148,ラマの宿舎　（綏遠省五当召）　[第68回]
004,149,五当召のラマ寺　（綏遠省）　[第68回]
004,150,念経堂　（綏遠省五当召）　[第68回]
004,151,薬屋の店頭　（帰化城所見）　[第68回]
004,152,五塔　（帰化城）　[第68回]
004,153,本屋　[第69回]
004,154,蜂蜜屋　[第69回]
004,155,点心屋　[第69回]
004,156,薬屋　[第69回]
004,157,莨屋　[第69回]
004,158,料理屋　[第69回]
004,159,膀胱屋　[第69回]
004,160,茶荘　[第69回]
004,161,銀細工屋　[第69回]
004,162,米屋　[第69回]
004,163,普陀の碼頭　（浙江省）　[第70回]
004,164,路傍の修行僧　[第70回]
004,165,轎子の参詣人　[第70回]
004,166,普陀の山道　（浙江省）　[第70回]
004,167,法悦の老媼　（浙江省）　[第70回]
004,168,短姑古跡　[第70回]
004,169,普済寺本堂　（浙江省）　[第70回]
004,170,墓の形式　[第70回]
004,171,座禅僧　[第70回]
004,172,珠数売り　[第70回]
004,173,東浦　（浙江省紹興）　[第71回]
004,174,空瓶繕ひ　（浙江省紹興）　[第71回]
004,175,酒糟　（浙江省紹興）　[第71回]
004,176,瓶詰　（浙江省紹興）　[第71回]
004,177,泥頭　（浙江省紹興）　[第71回]
004,178,貯蔵　（浙江省紹興）　[第71回]
004,179,城内　（浙江省紹興）　[第71回]
004,180,禹陵　（浙江省紹興郊外）　[第71回]
004,181,曲水　（浙江省紹興郊外）　[第71回]
004,182,紹興城　（浙江省）　[第71回]
005,2,◆目録[タイトル一覧]
005,3,民家の源流　（浙江省・寧波）　[第72回]
005,4,寧波の問屋町　（浙江省）　[第72回]
005,5,寧波の町　（浙江省）　[第72回]
005,6,水郷の廟　（浙江省・寧波）　[第72回]
005,7,寧波碼頭　（浙江省）　[第72回]
005,8,氷墻　（浙江省・寧波）　[第72回]
005,9,水郷点景　（浙江省・銭塘江）　[第72回]
005,10,蘭谿［ランチイ］　（浙江省・銭塘江）　[第72回]
005,11,桐廬［トンロウ］　（浙江省・銭塘江）　[第72回]
005,12,東陽江の竹筏　（浙江省・銭塘江）　[第72回]
005,13,雲海　（湖南省・南岳）　[第73回]
005,14,南岳七十二峯　（湖南省・南岳）　[第73回]
005,15,望日台　（湖南省・南岳）　[第73回]
005,16,山中の農家　（湖南省・南岳）　[第73回]
005,17,苗とり　（湖南省）　[第73回]
005,18,念菴松　（湖南省・南岳）　[第73回]
005,19,山中の水田　（湖南省・南岳）　[第73回]
005,20,南岳廟の石坊　（湖南省・南岳）　[第73回]
005,21,南岳本廟　（湖南省・南岳）　[第73回]
005,22,平和さうな麓の村　（湖南省・南岳）　[第73回]
005,23,洞庭湖　（湖南省）　[第74回]
005,24,長沙　（湖南省）　[第74回]
005,25,天心閣　（湖南省・長沙）　[第74回]
005,26,長沙の街　（湖南省）　[第74回]
005,27,物々しい標語処　（湖南省・長沙）　[第74回]
005,28,汨羅水　（湖南省）　[第74回]
005,29,岳麓山　（湖南省・長沙）　[第74回]
005,30,岳麓書院　（湖南省・長沙）　[第74回]
005,31,賈太伝故宅　（湖南省・長沙）　[第74回]
005,32,湘潭　（湖南省）　[第74回]
005,33,袁州城外の舟橋　（江西省）　[第75回]
005,34,玉山の町　（江西省）　[第75回]
005,35,袁州　（江西省）　[第75回]
005,36,萍郷炭砿　（江西省）　[第75回]
005,37,南昌　（江西省）　[第75回]
005,38,娄妃の墓　（江西省）　[第75回]
005,39,南昌の一点景　（江西省）　[第75回]
005,40,南昌の百花園　（江西省）　[第75回]
005,41,文筆塔　（江西省）　[第75回]
005,42,表忠塔　（江西省）　[第75回]
005,43,大漢陽峯　（江西省、廬山）　[第76回]
005,44,廬山より眺めた鄱水　（江西省）　[第76回]
005,45,大月山　（江西省、廬山）　[第76回]
005,46,石門澗　（江西省、廬山）　[第76回]
005,47,廬山　（江西省）　[第76回]
005,48,廬山高石坊　（江西省）　[第76回]
005,49,香炉峯　（江西省、廬山）　[第76回]
005,50,暮れゆく廬山　（江西省）　[第76回]
005,51,天池山　（江西省、廬山）　[第76回]
005,52,五老嶺　（江西省、廬山）　[第76回]
005,53,媳婆塔　（江西省廬山）　[第77回]
005,54,牯嶺の登山路　（江西省廬山）　[第77回]
005,55,牯嶺の避暑地　（江西省廬山）　[第77回]
005,56,文珠台　（江西省廬山）　[第77回]
005,57,虎渓　（江西省廬山）　[第77回]
005,58,白鹿洞書院　（江西省廬山）　[第77回]
005,59,仙人洞　（江西省廬山）　[第77回]
005,60,慧遠禅師塔　（江西省廬山）　[第77回]
005,61,海会寺　（江西省廬山）　[第77回]
005,62,蓮花洞登山口　（江西省廬山）　[第77回]
005,63,モダン漢口　（湖北省）　[第78回]
005,64,武漢三鎮　（湖北省）　[第78回]
005,65,黄鶴楼趾を望む　（湖北省・武昌）　[第78回]
005,66,漢陽城趾　（湖北省）　[第78回]
005,67,黄鵠山下の万年灯　（湖北省・武昌）　[第78回]
005,68,武昌の大路　（湖北省）　[第78回]
005,69,革命紀念堂　（湖北省・武昌）　[第78回]
005,70,漢口バンド　（湖北省）　[第78回]
005,71,漢陽鉄廠　（湖北省）　[第78回]
005,72,中山公園　（湖北省・漢口）　[第78回]
005,73,長江を望む　（石鐘山）　（江西省）　[第79回]
005,74,鄱陽湖口　（江西省）　[第79回]
005,75,石鐘山　（江西省）　[第79回]
005,76,坯房の内部　（江西省・景徳鎮）　[第79回]
005,77,九江人形　（江西省）　[第79回]
005,78,藍摺り　（江西省・景徳鎮）　[第79回]
005,79,焼窰　（江西省・景徳鎮）　[第79回]
005,80,長江の筏　（江西省）　[第79回]
005,81,筏索の轆轤巻き　（江西省）　[第79回]
005,82,景徳鎮　（江西省）　[第79回]
005,83,長江スナップ　（江西省）　[第80回]
005,84,甘棠湖　（江西省、九江）　[第80回]
005,85,九江　（江西省）　[第80回]
005,86,南康の衙門　（江西省）　[第80回]
005,87,潯陽江頭　（江西省）　[第80回]
005,88,長江の漁撈　（江西省）　[第80回]
005,89,共匪を見張る兵隊　（江西省）　[第80回]
005,90,南康城内　（江西省）　[第80回]
005,91,民家の竃　（江西省）　[第80回]
005,92,九江の陶器商　（江西省）　[第80回]
005,93,芝罘港　[第81回]
005,94,山東角灯台　[第81回]
005,95,渤海湾頭　[第81回]
005,96,碾臼の街　[第81回]
005,97,登州の水城　[第81回]
005,98,牟平城外　[第81回]
005,99,莱州城　[第81回]
005,100,風旗子　[第81回]
005,101,娘々尾　[第81回]
005,102,威海衛劉公島　[第81回]
005,103,牟平県城　（山東省）　[第82回]
005,104,養馬島　（山東省）　[第82回]
005,105,石島　（山東省）　[第82回]
005,106,括網の打印　（山東省・栄城湾）　[第82回]
005,107,山東白菜　（山東省・芝罘）　[第82回]
005,108,小蓬莱　（山東省・芝罘）　[第82回]
005,109,福山県城　（山東省）　[第82回]
005,110,蓬莱閣　（山東省）　[第82回]
005,111,春近き漁村　（山東省・栄城湾）　[第82回]
005,112,芝罘市街　（山東省）　[第82回]
005,113,捕鯨砲　（南満・長山列島）　[第83回]
005,114,捕鯨船　（南満・長山列島）　[第83回]
005,115,捕鯨船の司令塔　（南満・長山列島）　[第83回]
005,116,捕鯨作業場　（南満・長山列島）　[第83回]
005,117,解体　（満洲・長山列島）　[第83回]
005,118,海洋島海岸　（南満・長山列島）　[第83回]
005,119,海洋島　（南満・長山列島）　[第83回]
005,120,大長山四塊石屯　（南満・長山列島）　[第83回]
005,121,大長山戦跡記念碑　（南満・長山列島）　[第83回]
005,122,海洋島断崖　（南満・長山列島）　[第83回]
005,123,平和記念塔　（上海）　[第84回]
005,124,上海港（一）　（上海）　[第84回]
005,125,上海港（二）　（上海）　[第84回]
005,126,上海河南路　（上海）　[第84回]
005,127,小鳥屋　（上海）　[第84回]
005,128,大道書舗　（上海）　[第84回]
005,129,虹口マーケツト　（上海）　[第84回]
005,130,仏蘭西租界　（上海）　[第84回]
005,131,湖心亭　（上海）　[第84回]
005,132,青蓮閣　（上海）　[第84回]
005,133,山東省政府　（済南）　[第85回]
005,134,済南市街　[第85回]
005,135,黄河の鉄橋　（済南附近）　[第85回]
005,136,済南の環城道路　[第85回]
005,137,大明湖　（済南）　[第85回]
005,138,模範監獄　（済南）　[第85回]
005,139,監獄内の裁縫場　（済南）　[第85回]
005,140,監獄内の音楽教化　（済南）　[第85回]
005,141,監獄内の武術稽古　（済南）　[第85回]
005,142,黄河の渡船　（済南）　[第85回]
005,143,岱廟の無字碑　（山東泰山）　[第86回]
005,144,雲煙の美　その一　（山東泰山）　[第86回]
005,145,雲煙の美　その二　（山東泰山）　[第86回]
005,146,雪歩橋　（山東泰山）　[第86回]
005,147,五太夫松　（山東泰山）　[第86回]
005,148,南天門　（山東泰山）　[第86回]
005,149,泰山　（山東泰山）　[第86回]
005,150,泰安府　（山東泰山）　[第86回]
005,151,天柱の尖頭　（山東泰山）　[第86回]
005,152,岱宗坊　（山東泰山）　[第86回]
005,153,淄川炭砿　（山東省）　[第87回]
005,154,坑夫街　（淄川）　[第87回]
005,155,周村鎮　（山東省）　[第87回]
005,156,淄川郊外　（山東省）　[第87回]
005,157,博山　その一　（山東省）　[第87回]
005,158,博山　その二　（山東省）　[第87回]
005,159,博山　その三　（山東省）　[第87回]
005,160,周村城外風景　（山東省）　[第87回]
005,161,周村の非常門　（山東省）　[第87回]
005,162,張店駅前　（山東省）　[第87回]
005,163,貝子廟の祭典へ　（東部蒙古）　[第88回]
005,164,旛旂と跳鬼　（東部蒙古）　[第88回]
005,165,福の神　（東部蒙古）　[第88回]
005,166,跳る天王母　（東部蒙古）　[第88回]
005,167,喇嘛の楽器　（東部蒙古）　[第88回]
005,168,正劇と喜劇　（東部蒙古）　[第88回]
005,169,盛装の貴婦人　（東部蒙古）　[第88回]
005,170,参詣の大衆　（東部蒙古）　[第88回]
005,171,焼き捨てる巴霊　（東部蒙古）　[第88回]
005,172,縁喜の幕を潜る　　（東部蒙古）　[第88回]
005,173,草原を越ゆれば沙漠　（東部蒙古）　[第89回]
005,174,牛糞拾ひ　（東部蒙古）　[第89回]
005,175,牛糞の貯蔵　（東部蒙古）　[第89回]
005,176,蒙古人の弓　（東部蒙古）　[第89回]
005,177,蒙古の相撲　（東部蒙古）　[第89回]
005,178,蒙古包　（東部蒙古）　[第89回]
005,179,興安嶺の固定包　（東部蒙古）　[第89回]
005,180,蒲鉾牛車　（東部蒙古）　[第89回]
005,181,陸の港　（東部蒙古）　[第89回]
005,182,曹達を運ぶ牛車の壮観　（東部蒙古）　[第89回]
006,2,◆目録[タイトル一覧]
006,3,林西の全景　（東蒙古）　[第90回]
006,4,林西の西門　（東蒙古）　[第90回]
006,5,林西の城外　（東蒙古）　[第90回]
006,6,清い流れ　（東蒙古）　[第90回]
006,7,安住地の原始部落　（東蒙古）　[第90回]
006,8,耕農の蒙族　（東蒙古）　[第90回]
006,9,物々交換に行く牛車　（東蒙古）　[第90回]
006,10,珍しい穀倉　（東蒙古）　[第90回]
006,11,罌粟の花　（東蒙古）　[第90回]
006,12,穴居生活　（東蒙古）　[第90回]
006,13,斜陽を浴びて帰る偵察騎　（遼西地方）　[第91回]
006,14,壮丁の歩哨　（遼西地方）　[第91回]
006,15,塹壕　（遼西地方）　[第91回]
006,16,獰猛な槍隊　（遼西地方）　[第91回]
006,17,呼集喇叭　（遼西地方）　[第91回]
006,18,馬隊の勢揃ひ　[第91回]
006,19,部落の襲撃　（遼西地方）　[第91回]
006,20,匪化した敗兵　（遼西地方）　[第91回]
006,21,先を争つて逃げる　（遼西地方）　[第91回]
006,22,武装した首領　（遼西地方）　[第91回]
006,23,兵匪の本部（一）　（遼西地方）　[第92回]
006,24,兵匪の本部（二）　（遼西地方）　[第92回]
006,25,分宿割当の札を帖られた農家　（遼西地方）　[第92回]
006,26,餓鬼相　（遼西地方）　[第92回]
006,27,不安な仮睡　（遼西地方）　[第92回]
006,28,夜半の呼集　（遼西地方）　[第92回]
006,29,夜襲　（遼西地方）　[第92回]
006,30,捕へられた敵匪間者　（遼西地方）　[第92回]
006,31,狙撃　（遼西地方）　[第92回]
006,32,雪原の大移動　（遼西地方）　[第92回]
006,33,延吉の街　（遼西地方）　[第93回]
006,34,国境を結びつける天図鉄道　（延吉地方）　[第93回]
006,35,竜井村の日本街　（延吉地方）　[第93回]
006,36,竜井村の市日（一）　（延吉地方）　[第93回]
006,37,竜井村の市日（二）　（延吉地方）　[第93回]
006,38,天宝山　（延吉地方）　[第93回]
006,39,老頭溝の鮮人の街　（延吉地方）　[第93回]
006,40,鮮農の部落　（延吉地方）　[第93回]
006,41,頭道溝の美田　（延吉地方）　[第93回]
006,42,甕声磖子　（延吉地方）　[第93回]
006,43,杣小屋『上窩棚』　（威虎嶺附近）　[第94回]
006,44,杣小屋『小窩棚』　（威虎嶺附近）　[第94回]
006,45,夏の伐木　（威虎嶺附近）　[第94回]
006,46,集材　（老爺嶺附近）　[第94回]
006,47,陸送の枕木　（老爺嶺）　[第94回]
006,48,集材の加工　（敦化附近）　[第94回]
006,49,氷上の搬材　（敦化附近）　[第94回]
006,50,散流と編筏　（蚊河附近）　[第94回]
006,51,流筏（一）　（阿什哈達）　[第94回]
006,52,流筏（ニ）　（吉林附近）　[第94回]
006,53,冬の夕陽　（荒山子附近）　[第95回]
006,54,氷の馬槽子　（松花江）　[第95回]
006,55,水ぬるむ松花江　（吉林より四十支里の上流）　[第95回]
006,56,蛟河の清境　（瓜茄附近）　[第95回]
006,57,騾駝の群　（吉林大沙河附近）　　[第95回]
006,58,船頭なき渡船　（二道河子附近）　[第95回]
006,59,煙草の乾燥　（六道河附近）　[第95回]
006,60,木立の電柱　（威虎嶺附近）　[第95回]
006,61,雪掻の材料　（老爺嶺附近）　[第95回]
006,62,吉敦線の勝地　（六道河附近）　[第95回]
006,63,蒙古人の部落　（察哈爾貝子廟）　[第96回]
006,64,包生活の漢人雑貨店　（察哈爾貝子廟）　[第96回]
006,65,鄂博（オポ）（一）　（察哈爾貝子廟）　[第96回]
006,66,鄂博（オポ）（二）　（察哈爾とシリンゴール旗との境）　[第96回]
006,67,荒れ行く喇嘛廟　（ボロホンチーのジラゲンタイ廟）　[第96回]
006,68,喇嘛の楽器　（察哈爾貝子廟）　[第96回]
006,69,青年の喇嘛僧　（察哈爾貝子廟）　[第96回]
006,70,喇嘛塔　（察哈爾二郎廟［オロンスム］）　[第96回]
006,71,夕陽に向つて　（察哈爾貝子廟）　[第96回]
006,72,不思議な礼拝　（察哈爾貝子廟）　[第96回]
006,73,王府の一瞥　（呵巴嘎王府）　[第97回]
006,74,王府の喇嘛廟　（呵巴嘎王府）　[第97回]
006,75,王府の執政処　（貝子廟）　[第97回]
006,76,謁見室の呵巴嘎王　（呵巴嘎王府）　[第97回]
006,77,名花の蕾　（東喀斉特王府）　[第97回]
006,78,王府の堂官　（貝子廟）　[第97回]
006,79,堂官の家族　（貝子廟）　[第97回]
006,80,急造の客間　（阿巴嘎王府）　[第97回]
006,81,『包』と支那家屋の併用　（貝子廟）　[第97回]
006,82,羊の料理　（阿巴嘎王府）　[第97回]
006,83,郊外の秋　（陳相屯）　[第98回]
006,84,宮の原から太子河の遠望　[第98回]
006,85,円形の穀倉　（太子河流域）　[第98回]
006,86,夏の水辺　（橋頭附近）　[第98回]
006,87,天険摩天嶺の要害　（連山関の東）　[第98回]
006,88,勝景に富む細河渓谷　（連山関の盤竜山から）　[第98回]
006,89,鉄砲担いで買物に　（連山関附近）　[第98回]
006,90,湯山城の街　（安奉線）　[第98回]
006,91,沙河鎮の支那街　（安東県）　[第98回]
006,92,支那の遊廓栄安里　（安東）　[第98回]
006,93,糧桟園子の盛況　（開原）　[第99回]
006,94,大豆の装填　（開原）　[第99回]
006,95,掏鹿の望台　（西豊県）　[第99回]
006,96,掏鹿の街　（西豊県）　[第99回]
006,97,満洲の高屋根をなす公主嶺　[第99回]
006,98,公主陵　（公主嶺）　[第99回]
006,99,四平街の附属地　[第99回]
006,100,農家の女　（四平街附近）　[第99回]
006,101,露天の葉煙草売り　（開原附近）　[第99回]
006,102,路傍の鉄廠炉（鍛冶屋）　（開原附近）　[第99回]
006,103,麻雀　[第100回]
006,104,小挑子［シヨウ テヤオ ズ］ 　[第100回]
006,105,飯館子［フアンコアンズ］　[第100回]
006,106,豆腐脳［トーフナオ］　[第100回]
006,107,大道のお湯売り　[第100回]
006,108,講書の女　[第100回]
006,109,大道易者　[第100回]
006,110,下棋［シイヤチイ］　[第100回]
006,111,影戯［インシイ］　[第100回]
006,112,女乞丐　[第100回]
006,113,中老婦人の纏足　[第101回]
006,114,赤裸々な纏足（表から）　その一　[第101回]
006,115,赤裸々な纏足（裏から）　その二　[第101回]
006,116,赤裸々な纏足（側面から）　その三　[第101回]
006,117,洗脚［シーチヨウ］　[第101回]
006,118,包脚［パオチヨウ］　[第101回]
006,119,襪子［ソーヅ］を履く　[第101回]
006,120,金蓮を履いた曲線美　[第101回]
006,121,一握りの鞋　[第101回]
006,122,華やかに飾られた鞋舗　[第101回]
006,123,迫る歳の暮れ　（北京の城外）　[第102回]
006,124,松飾り　（寧古塔）　[第102回]
006,125,接神の儀　（営口）　[第102回]
006,126,財神を祭る　[第102回]
006,127,財神を祭る穀物屋　（営口）　[第102回]
006,128,敲楽器［クーローチー］　（営口）　[第102回]
006,129,紙鳶　（北京）　[第102回]
006,130,元宵節［イヱンシヤオチエ］　（大連西崗子）　[第102回]
006,131,元宵売り　（大連西崗子）　　[第102回]
006,132,元宝　（北京）　[第102回]
006,133,東門から見た城内の街　（山海関）　[第103回]
006,134,山海関車站　（山海関）　[第103回]
006,135,焼鶏［シヤオチー］売り　（山海関）　[第103回]
006,136,海水浴場　（山海関郊外）　[第103回]
006,137,海神廟　（山海関郊外）　[第103回]
006,138,街路の蹄鉄房　（山海関郊外）　[第103回]
006,139,天下第一関　（山海関）　[第103回]
006,140,天下第一関から見た長城　（山海関）　[第103回]
006,141,城壁と外濠　（山海関）　[第103回]
006,142,南門と城外の商舗　（山海関）　[第103回]
006,143,白塔子［パイターツ］　（熱河省）　[第104回]
006,144,西剌木倫［シラムリン］　（熱河省）　[第104回]
006,145,今は街道昔の湖底　（熱河省開魯県）　[第104回]
006,146,初生砂丘　（熱河省林西の西南）　[第104回]
006,147,砂丘と遺蹟　（熱河省林西県）　[第104回]
006,148,蒙人の農家　（熱河省開魯附近）　[第104回]
006,149,開魯の街　（熱河省）　[第104回]
006,150,赤峯　（熱河省）　[第104回]
006,151,林東の街　（熱河省）　[第104回]
006,152,半截塔　（パンチヱター）と土城　（熱河省林東）　[第104回]
006,153,蒙古人の部落　その一　（熱河省）　[第105回]
006,154,蒙古人の部落　その二　（熱河省）　[第105回]
006,155,草原の放牧　（熱河省白塔子附近）　[第105回]
006,156,草原の喬麦畑　（興安嶺の東麓）　[第105回]
006,157,井戸傍の婦人　（熱河省林西県タマチンプ部落）　[第105回]
006,158,三連の穀倉　（熱河省林西県黒木[ヘウカト]附近）　[第105回]
006,159,興安嶺の頂上　（察哈爾省）　[第105回]
006,160,興安嶺の東麓　（熱河省）　[第105回]
006,161,水の興安嶺　（熱河省白塔子附近）　[第105回]
006,162,興安嶺の山骨　（熱河省二家子附近）　[第105回]
006,163,氈子を縫ふ女　（察哈爾省呵巴嗄王府）　[第106回]
006,164,経典を積んだ駱駝隊　（察哈爾省）　[第106回]
006,165,旅の乞食女巫　（東蘇尼特）　[第106回]
006,166,柳条製の囲子　（察哈爾省蘇尼特右旗）　[第106回]
006,167,燃料の牛糞　（察哈爾省多倫の東バヤトノール附近）　[第106回]
006,168,露天の菓子売り　（察哈爾省多倫の東バヤトノール附近）　[第106回]
006,169,粟を搗く女　（察哈爾省多倫の東バヤトノール附近）　[第106回]
006,170,小児の自然淘汰　（察哈爾省）　[第106回]
006,171,羊の料理　（察哈爾省東斉特）　[第106回]
006,172,盛粧した参詣の婦人　（察哈爾省貝子廟）　[第106回]
006,173,貔子窩の海岸　（金福線）　[第107回]
006,174,泥海を滑る舟　（金福線）　[第107回]
006,175,明媚の水郷　（金福線）　[第107回]
006,176,海岸の魚市場　（金福線）　[第107回]
006,177,陶土産地　（金福線貔子窩郊外）　[第107回]
006,178,城子[田＋童]曈の街　（金福線）　[第107回]
006,179,帰服堡の城跡　（金福線）　[第107回]
006,180,石頭『帰服堡』　（金福線）　[第107回]
006,181,娯姑寺　（金福線）　[第107回]
006,182,謝家屯の清郷　（金福線）　[第107回]
006,183,春近し　[第96回附録]
006,187,曠原＝蒙古＝　[第102回附録]
007,2,◆目録[タイトル一覧]
007,3,市中所見　（灰幕洞）　[第108回]
007,4,灰幕洞市街（一）　（延吉県）　[第108回]
007,5,灰幕洞市街（二）　（延吉県）　[第108回]
007,6,国際鉄橋（一）　（灰幕洞）　[第108回]
007,7,国際鉄橋（二）　（灰幕洞）　[第108回]
007,8,図們江の筏　（灰幕洞江岸）　[第108回]
007,9,江岸の隧道　（南陽附近）　[第108回]
007,10,開山屯　（和竜県）　[第108回]
007,11,上三峯鉄橋　（開山屯）　[第108回]
007,12,門岩　（石門子附近）　[第108回]
007,13,嘎呀河　（灰幕洞附近）　[第109回]
007,14,図們駅　（灰幕洞）　[第109回]
007,15,延び行く街　（灰幕洞）　[第109回]
007,16,満洲国の税関　（灰幕洞）　[第109回]
007,17,江岸の材木置場　（灰幕洞附近）　[第109回]
007,18,渡舟　（灰幕洞）　[第109回]
007,19,架橋工事　（図寧線）　[第109回]
007,20,貨物の陸揚げ　（灰幕洞）　[第109回]
007,21,軍隊に守られて　（灰幕洞）　[第109回]
007,22,南陽駅　（朝鮮咸北）　[第109回]
007,23,延吉県　（敦図沿線）　[第110回]
007,24,明月溝　（敦図沿線）　[第110回]
007,25,殉職者弔魂碑　（敦図沿線）　[第110回]
007,26,鉄橋と隧道　（敦図沿線）　[第110回]
007,27,五虎頂子［ゴコチヨウシ］　（敦図沿線）　[第110回]
007,28,河岸に沿ひて　（敦図沿線）　[第110回]
007,29,峠の朝　（哈爾巴嶺）　[第110回]
007,30,依蘭溝［ユランコ］河口付近　（敦図沿線）　[第110回]
007,31,白磊磖［ハイシラズ］子　（敦図沿線）　[第110回]
007,32,朝陽川駅　（敦図沿線）　[第110回]
007,33,延吉市遠景　（延吉市）　[第111回]
007,34,粟の刈入れ　（延吉地方）　[第111回]
007,35,鮮農の部落（一）　（延吉地方）　[第111回]
007,36,鮮農の部落（二）　（延吉地方）　[第111回]
007,37,鮮農の部落（三）　（延吉地方）　[第111回]
007,38,鮮農の部落（四）　（延吉地方）　[第111回]
007,39,間島事変記念塔　（延吉市）　[第111回]
007,40,支那街　（延吉市）　[第111回]
007,41,市場街　（延吉市）　[第111回]
007,42,延吉郊外　（延吉地方）　[第111回]
007,43,万樹園　（熱河山荘苑）　[第112回]
007,44,熱河源泉　（熱河山荘苑）　[第112回]
007,45,徳滙門　（熱河山荘苑）　[第112回]
007,46,大行宮　（熱河山荘苑）　[第112回]
007,47,水心榭　（熱河山荘苑）　[第112回]
007,48,殊源寺　（熱河山荘苑）　[第112回]
007,49,舎利塔　（熱河山荘苑）　[第112回]
007,50,月色江声　（熱河山荘苑）　[第112回]
007,51,煙雨楼　（熱河山荘苑）　[第112回]
007,52,山荘遠望　（熱河山荘苑）　[第112回]
007,53,承徳市街（一）　（熱河省）　[第113回]
007,54,承徳市街（二）　（熱河省）　[第113回]
007,55,承徳全景　（熱河省）　[第113回]
007,56,郊外の駱駝隊　（承徳附近）　[第113回]
007,57,駱駝を止めて　（承徳郊外）　[第113回]
007,58,密雲市街　（河北省）　[第113回]
007,59,棒錘山　（承徳附近）　[第113回]
007,60,烈士の墓標　（大凌河々畔）　[第113回]
007,61,密雲城壁（一）　（河北省）　[第113回]
007,62,密雲城壁（二）　（河北省）　[第113回]
007,63,普陀宗乗之廟　（熱河省承徳）　[第114回]
007,64,喇嘛塔の並ぶ門　（熱河省承徳）　[第114回]
007,65,石獅の護る牌楼　（熱河省承徳）　[第114回]
007,66,喇嘛僧は勤行の道場へ　（熱河省承徳）　[第114回]
007,67,宗祖を祀る殿堂　（熱河省承徳）　[第114回]
007,68,普寧寺の展望　（熱河省承徳）　[第114回]
007,69,喇嘛塔をのせた仏殿　（熱河省承徳）　[第114回]
007,70,月台を見下らす　（熱河省承徳）　[第114回]
007,71,大乗之閣　（熱河省承徳）　[第114回]
007,72,三眼の大仏像　（熱河省承徳）　[第114回]
007,73,離宮側景　（熱河省承徳）　[第115回]
007,74,天宇咸暢閣の孤影　（熱河省承徳）　[第115回]
007,75,如意洲の風光　（熱河省承徳）　[第115回]
007,76,泰山に似せて　（熱河省承徳）　[第115回]
007,77,地下に潜る　（熱河省承徳）　[第115回]
007,78,馴鹿坡　（熱河省承徳）　[第115回]
007,79,安遠廟普度殿　（熱河省承徳）　[第115回]
007,80,森蔭の殊像寺　（熱河省承徳）　[第115回]
007,81,殊像寺の宝香閣　（熱河省承徳）　[第115回]
007,82,怪獅に乗つた仏　（殊像寺）　（熱河省承徳）　[第115回]
007,83,須弥福寿廟　（熱河省承徳）　[第116回]
007,84,総持仏境　（熱河省承徳）　[第116回]
007,85,都綱荘厳　（熱河省承徳）　[第116回]
007,86,陸屋根を行く　（熱河省承徳）　[第116回]
007,87,金色の竜と海象　（熱河省承徳）　[第116回]
007,88,瑠璃仏塔　（熱河省承徳）　[第116回]
007,89,普楽寺　宗印殿　（熱河省承徳）　　[第116回]
007,90,円亭を仰ぐ　（熱河省承徳）　[第116回]
007,91,羅漢堂　（熱河省承徳）　[第116回]
007,92,羅漢種々相　（熱河省承徳）　[第116回]
007,93,赤峰の大街　（熱河省赤峰）　[第117回]
007,94,皇軍聖戦の碑　（熱河省赤峰）　[第117回]
007,95,赤峰の謂れ　（熱河省赤峰）　[第117回]
007,96,山下冬村　（熱河省赤峰）　[第117回]
007,97,西元宝山炭坑　（熱河省赤峰）　[第117回]
007,98,黒水の市場　（熱河省黒水）　[第117回]
007,99,蕭然たる喇嘛小寺　（熱河省黒水）　[第117回]
007,100,建平浅春　（熱河省建平）　[第117回]
007,101,碾子薄暮　（熱河省民俗）　[第117回]
007,102,慶祝の高脚戯　（熱河省民俗）　[第117回]
007,103,河舟を造る所　（熱河省下板城）　[第118回]
007,104,円倉の並ぶ風景　（熱河省下板城）　[第118回]
007,105,平泉を見下す　（熱河省平泉）　[第118回]
007,106,国旗の見える街　（熱河省平泉）　[第118回]
007,107,平泉の清真寺　（熱河省平泉）　[第118回]
007,108,金山を掘る　（熱河省平泉）　[第118回]
007,109,雪の凌源　（熱河省凌源）　[第118回]
007,110,関帝廟雪景　（熱河省凌源）　[第118回]
007,111,万祥寺　（熱河省凌源県）　[第118回]
007,112,熱水湯といふ温泉　（熱河省凌源県）　[第118回]
007,113,省公署の前街　（吉林）　[第119回]
007,114,新時代の片影　（吉林）　[第119回]
007,115,商業街を覗く　（吉林）　[第119回]
007,116,古俗の名残り　（吉林）　[第119回]
007,117,江岸の風光　（吉林）　[第119回]
007,118,木材の税関　（吉林）　[第119回]
007,119,松花江鉄橋　（吉林）　[第119回]
007,120,北山よりの一望　（吉林）　[第119回]
007,121,北山の玉皇閣　（吉林）　[第119回]
007,122,玉皇閣の牌楼　（吉林）　[第119回]
007,123,牡丹江駅　[第120回]
007,124,牡丹江展望（一）　（掖河より）　[第120回]
007,125,牡丹江展望（二）　（掖河より）　[第120回]
007,126,水売り　（寧安）　[第120回]
007,127,踏切り　（牡丹江岸掖河）　[第120回]
007,128,牡丹江風景　（下馬連河）　[第120回]
007,129,依田大橋　（甯安港外）　[第120回]
007,130,中央通り　（牡丹江市街）　[第120回]
007,131,聖戦記念碑　（牡丹江市街）　[第120回]
007,132,牡丹江橋　（掖河より）　[第120回]
007,133,黒竜江の夕照　（大黒河附近）　[第121回]
007,134,鳥瞰の大黒河市街　（大黒河）　[第121回]
007,135,中央大街　（大黒河）　[第121回]
007,136,商会の事務所　（大黒河）　[第121回]
007,137,砂金収買所　（大黒河）　[第121回]
007,138,江岸の通路　（大黒河）　[第121回]
007,139,対岸ブラゴエ市を望む　（大黒河）　[第121回]
007,140,賭場　（大黒河）　[第121回]
007,141,場末の料理屋　（大黒河）　[第121回]
007,142,大黒河碼頭　（大黒河）　[第121回]
007,143,江岸の碼頭　（富錦）　[第122回]
007,144,富錦市街　（富錦）　[第122回]
007,145,見張台のある門　（富錦）　[第122回]
007,146,小門の並ぶ路次　（富錦）　[第122回]
007,147,郊外の廟　（富錦郊外）　[第122回]
007,148,町裏から覗く　（富錦）　[第122回]
007,149,木材の陸揚げ　（富錦）　[第122回]
007,150,大きな鯉　（富錦）　[第122回]
007,151,農家の午時　（富錦郊外）　[第122回]
007,152,松花江の曳船　（富錦附近）　[第122回]
007,153,哈爾浜停車場　（哈爾浜）　[第123回]
007,154,キタイスカヤ街　（哈爾浜）　[第123回]
007,155,傅家甸の盛場　（哈爾浜）　[第123回]
007,156,烈士の碑　（哈爾浜郊外）　[第123回]
007,157,公園の朝　（哈爾浜）　[第123回]
007,158,極楽寺山門　（哈爾浜）　[第123回]
007,159,ニコライ堂　（哈爾浜）　[第123回]
007,160,街頭の犬売り　（哈爾浜）　[第123回]
007,161,旧劇場の跡　（哈爾浜）　[第123回]
007,162,夏の松花江岸　（哈爾浜）　[第123回]
007,163,扁額の門　（海倫）　[第124回]
007,164,呼蘭の町　（呼蘭）　[第124回]
007,165,四望亭　（呼蘭）　[第124回]
007,166,石人の像　（呼蘭）　[第124回]
007,167,路傍の店先き　（海倫）　[第124回]
007,168,綏化の旧市街　（綏化）　[第124回]
007,169,大天主堂　（海北）　[第124回]
007,170,発展途上の街　（北安鎮）　[第124回]
007,171,白樺の幌馬車　（二站附近）　[第124回]
007,172,物々しい招牌　（泰安）　[第124回]
007,173,白城子　（洮索沿線）　[第125回]
007,174,葛根廟全景　（洮索沿線）　[第125回]
007,175,葛根廟本堂　（洮索沿線）　[第125回]
007,176,喇嘛街　（葛根廟）　[第125回]
007,177,懐遠鎮　（洮索沿線）　[第125回]
007,178,蒙古の医者　（洮索沿線にて）　[第125回]
007,179,泥の家　（洮索沿線にて）　[第125回]
007,180,英霊を弔ふ　（索倫郊外）　[第125回]
007,181,索倫の町　（洮索沿線）　[第125回]
007,182,跳児の仮面　（索倫郊外にて）　[第125回]
008,2,◆目録[タイトル一覧]
008,3,満洲里遠望　（興安北省）　[第126回]
008,4,満洲里駅　（興安北省）　[第126回]
008,5,満洲里市街　（興安北省）　[第126回]
008,6,甘珠爾廟　（興安北省）　[第126回]
008,7,神に祷る　（興安北省甘珠廟）　[第126回]
008,8,包を組む　（興安北省）　[第126回]
008,9,祭典の後　（興安北省甘珠爾廟）　[第126回]
008,10,廟の修理　（興安北省）　[第126回]
008,11,絨氈を造る　（興安北省）　[第126回]
008,12,察罕諾爾炭坑　（興安北省）　[第126回]
008,13,海拉爾全景　（海拉爾）　[第127回]
008,14,海拉爾公園　（海拉爾）　[第127回]
008,15,海拉爾旧市街　（海拉爾）　[第127回]
008,16,暮れ行く郊外　（海拉爾）　[第127回]
008,17,毛皮を乾す家　（海拉爾）　[第127回]
008,18,呼倫池［ダライノール］の漁澇　（興安北省）　[第127回]
008,19,呼倫池［ダライノール］　（興安北省）　[第127回]
008,20,札賚諾爾［ダライノール］炭坑　（興安北省）　[第127回]
008,21,ロシヤの農夫　（興安北省にて）　[第127回]
008,22,国境の山　（興安北省）　[第127回]
008,23,荒木大尉の碑　（興安嶺）　[第128回]
008,24,札免公司林区　（興安嶺）　[第128回]
008,25,山の宿駅　（興安嶺）　[第128回]
008,26,興安隧道東口　（興安嶺）　[第128回]
008,27,白樺の林　[第128回]
008,28,斉々哈爾城内　（斉々哈爾）　[第128回]
008,29,斉々哈爾旧市街　（斉々哈爾）　[第128回]
008,30,魁星楼　（斉々哈爾）　[第128回]
008,31,商業街をのぞく　（斉々哈爾）　[第128回]
008,32,筏の午餉　（斉々哈爾）　[第128回]
008,33,水ぬるむ　（興城郊外）　[第129回]
008,34,祖氏石坊　（興城）　[第129回]
008,35,梨の貯蔵　（綏中）　[第129回]
008,36,城壁　（綏中）　[第129回]
008,37,綏中城門　（綏中）　[第129回]
008,38,綏中　（奉山線）　[第129回]
008,39,角山寺　（山海関附近）　[第129回]
008,40,姜女祠［ギヤンニイツイ］　（万家屯）　[第129回]
008,41,羊を追ふて　（山海関附近）　[第129回]
008,42,春浅し　（山海関附近）　[第129回]
008,43,興城の町　（奉山沿線）　[第130回]
008,44,興城温泉　（奉山沿線）　[第130回]
008,45,葫芦島（一）　（奉山沿線）　[第130回]
008,46,葫芦島（二）　（奉山沿線）　[第130回]
008,47,葫芦島（三）　（奉山沿線）　[第130回]
008,48,宿場の午時　（奉山沿線）　[第130回]
008,49,連山風景　（奉山沿線）　[第130回]
008,50,竜仙池　（奉山沿線）　[第130回]
008,51,大虎山　（奉山沿線）　[第130回]
008,52,錦県の日本人街　（奉山沿線）　[第130回]
008,53,当舗［ダンプー］の招牌　（北満）　[第131回]
008,54,当舗の入口　（北満）　[第131回]
008,55,入質者の群　（北満）　[第131回]
008,56,望月牌［ワンイヱーパイ］　（北満）　[第131回]
008,57,貴金属の保管　（北満）　[第131回]
008,58,倉庫の入口　（北満）　[第131回]
008,59,倉庫の内部　（北満）　[第131回]
008,60,銀行の兼業　（北満）　[第131回]
008,61,估衣舗［グーヱープー］　（北満）　[第131回]
008,62,街の質屋　（北満）　[第131回]
008,63,国境の望台　（興安北省）　[第132回]
008,64,塹壕の跡　（興安北省）　[第132回]
008,65,草原の旅舎　（興安北省）　[第132回]
008,66,蒙古の警察官　（興安北省）　[第132回]
008,67,蒙古の小学校　（興安北省）　[第132回]
008,68,羊毛の運搬　（興安北省）　[第132回]
008,69,燃料の製造　（興安北省）　[第132回]
008,70,克魯倫［クドロン］河畔　（興安北省）　[第132回]
008,71,克魯倫［クドロン］河の漁撈　（興安北省）　[第132回]
008,72,香莨　（興安北省）　[第132回]
008,73,虎林の碼頭　（浜江省）　[第133回]
008,74,河沿ひの町　（浜江省虎林）　[第133回]
008,75,虎林の街　（浜江省）　[第133回]
008,76,烏蘇里河　（浜江省）　[第133回]
008,77,罌粟の栽培　（浜江省倒木溝）　[第133回]
008,78,鮮農の水田　（浜江省四道河）　[第133回]
008,79,蘇聯国境監視所　（浜江省）　[第133回]
008,80,興凱湖の漁撈　（浜江省）　[第133回]
008,81,興凱湖畔　（浜江省）　[第133回]
008,82,興凱湖　（浜江省）　[第133回]
008,83,蓮江口碼頭　（松花江岸）　[第134回]
008,84,同江　（松花江岸）　[第134回]
008,85,曳き船　（黒竜江）　[第134回]
008,86,江岸の廟　（黒竜江岸）　[第134回]
008,87,撫遠の遠望　（黒竜江岸）　[第134回]
008,88,饒河の街　（烏蘇里江岸）　[第134回]
008,89,饒河江岸　（烏蘇里江岸）　[第134回]
008,90,鮭の漁場　（烏蘇里江岸）　[第134回]
008,91,虎林県公署　（烏蘇里江岸）　[第134回]
008,92,松阿察河［スンガヂヤホ］　（浜江省）　[第134回]
008,93,祭に集る天幕　（興安西省大板上）　[第135回]
008,94,喇嘛僧の群　（興安西省大板上）　[第135回]
008,95,怪異な跳鬼　（興安西省大板上）　[第135回]
008,96,髑髏の舞　（興安西省大板上）　[第135回]
008,97,装飾された咒符　（興安西省大板上）　[第135回]
008,98,余興の力技　（興安西省大板上）　[第135回]
008,99,優勝した力士　（興安西省大板上）　[第135回]
008,100,祭の馬市　（興安西省大板上）　[第135回]
008,101,天幕の露店　（興安西省大板上）　[第135回]
008,102,祭見物の娘　（興安西省大板上）　[第135回]
008,103,古塔を望む　（朝陽）　[第136回]
008,104,城外へ　（錦県）　[第136回]
008,105,郊外風景　（朝陽にて）　[第136回]
008,106,朝陽の町　（朝陽）　[第136回]
008,107,大凌河　（朝陽附近）　[第136回]
008,108,憩い　（赤峰にて）　[第136回]
008,109,赤峰の街　（赤峰）　[第136回]
008,110,紅い山　（赤峰）　[第136回]
008,111,赤峰郊外　（赤峰）　[第136回]
008,112,祭の芝居　（烏丹城にて）　[第136回]
008,113,東門を望む　（林西）　[第137回]
008,114,中央大街　（林西）　[第137回]
008,115,林西の町　（林西）　[第137回]
008,116,清真寺内部　（林西）　[第137回]
008,117,清真寺　（林西）　[第137回]
008,118,大板上を望む　（大板上）　[第137回]
008,119,郊外のオボ　（大板上）　[第137回]
008,120,老婆と孫　（大板上）　[第137回]
008,121,蒙古の老人　（大板上）　[第137回]
008,122,大板上郊外　（大板上）　[第137回]
008,123,北岔子採金場　（間島省）　[第138回]
008,124,採金の試錐作業　（北岔子）　[第138回]
008,125,砂金採掘状況　（北岔子）　[第138回]
008,126,砂金洗鉱機（一）　（北岔子）　[第138回]
008,127,砂金洗鉱機（二）　（北岔子）　[第138回]
008,128,山の朝　（北岔子附近）　[第138回]
008,129,鮮人小屋　（北岔子附近）　[第138回]
008,130,楊木溝江岸（一）　（吉林省）　[第138回]
008,131,楊木溝江岸（二）　（吉林省）　[第138回]
008,132,筏　（楊木溝江岸）　[第138回]
008,133,南陽駅　（北鮮）　[第139回]
008,134,雄基　（北鮮）　[第139回]
008,135,雄基港　（北鮮）　[第139回]
008,136,雄基の街　（北鮮）　[第139回]
008,137,北鮮の陶器　（北鮮）　[第139回]
008,138,羅津港　（北鮮）　[第139回]
008,139,羅津の町　（北鮮）　[第139回]
008,140,羅津（一）　（北鮮）　[第139回]
008,141,羅津（二）　（北鮮）　[第139回]
008,142,穣る穂　（北鮮）　[第139回]
008,143,特産の積出　（山城鎮）　[第140回]
008,144,厳めしい糧桟　（山城鎮）　[第140回]
008,145,海竜の街　（海竜）　[第140回]
008,146,城門の入口　（海竜）　[第140回]
008,147,輝発城址　[第140回]
008,148,輝発寺　[第140回]
008,149,郊外の雪景　（朝陽鎮）　[第140回]
008,150,雪の村落　（輝発城附近）　[第140回]
008,151,柳垣のある路　（盤石）　[第140回]
008,152,盤石の城門　（盤石）　[第140回]
008,153,琿春の城門　（琿春）　[第141回]
008,154,町の書店　（琿春）　[第141回]
008,155,琿春城内　（琿春）　[第141回]
008,156,焼鍋屋　（琿春）　[第141回]
008,157,頌徳碑　（琿春）　[第141回]
008,158,延吉市街　（延吉）　[第141回]
008,159,六角堂　（延吉）　[第141回]
008,160,弔魂碑　（延吉）　[第141回]
008,161,敦化の町（一）　（敦化）　[第141回]
008,162,敦化の町（二）　（敦化）　[第141回]
008,163,元帥陵を望む　（奉吉線）　[第142回]
008,164,寝陵の石階　（元帥林）　[第142回]
008,165,廃墟　（元帥林）　[第142回]
008,166,東豊の公園　（西安線）　[第142回]
008,167,街の野菜屋　（東豊）　[第142回]
008,168,西安炭坑（一）　（西安線）　[第142回]
008,169,西安炭坑（二）　（西安線）　[第142回]
008,170,西安の街（一）　（西安線）　[第142回]
008,171,西安の街（二）　（西安線）　[第142回]
008,172,西安の街（三）　（西安線）　[第142回]
008,173,農安の古塔　（農安）　[第143回]
008,174,小南門外　（農安）　[第143回]
008,175,農安西大街　（農安）　[第143回]
008,176,薬屋の看板　（農安）　[第143回]
008,177,扶余全景　（扶余）　[第143回]
008,178,扶余の街　（扶余）　[第143回]
008,179,暮近き江岸　（扶余）　[第143回]
008,180,関帝廟　（扶余）　[第143回]
008,181,三母廟　（扶余郊外）　[第143回]
008,182,太陽廟　（扶余）　[第143回]
008,183,『帰リ路』熱河にて　[第126附録]
009,2,◆目録[タイトル一覧]
009,3,河岸の水車小屋　（橋頭附近）　[第144回]
009,4,蟠竜寺付近　（連山関附近）　[第144回]
009,5,釣魚台普済寺　（安奉沿線）　[第144回]
009,6,柞蚕の野積　（安東附近）　[第144回]
009,7,煙草の栽培　（湯山城）　[第144回]
009,8,高麗山の一角　（安奉沿線）　[第144回]
009,9,鳳凰山遠望　（高麗門附近）　[第144回]
009,10,棉花の摘採　（太子河）　[第144回]
009,11,棉花の乾燥　（太子河）　[第144回]
009,12,揺り籃　（太子河附近）　[第144回]
009,13,陽を浴びて　（蒙古）　[第145回]
009,14,放牧の一団　（蒙古）　[第145回]
009,15,氈子を造る　（蒙古）　[第145回]
009,16,原頭の活仏　（蒙古）　[第145回]
009,17,盛装の婦人姿　（蒙古）　[第145回]
009,18,草原に屯して　（蒙古）　[第145回]
009,19,王府前の馬群　（蒙古）　[第145回]
009,20,牛糞を焚く　（蒙古）　[第145回]
009,21,進化した固定包　（蒙古）　[第145回]
009,22,支那式幌馬車　（蒙古）　[第145回]
009,23,順天広場附近　（新京）　[第146回]
009,24,大同広場（一）　[第146回]
009,25,大同広場（二）　（新京）　[第146回]
009,26,興安道路　（新京）　[第146回]
009,27,官舎街の昼　（新京）　[第146回]
009,28,日本橋通　（新京）　[第146回]
009,29,吉野町の盛場　（新京）　[第146回]
009,30,南嶺道路　（新京）　[第146回]
009,31,浄月潭貯水池　（新京）　[第146回]
009,32,国立賽馬場　（新京）　[第146回]
009,33,新都市風景　（新京）　[第147回]
009,34,中央通　（新京）　[第147回]
009,35,大馬路　（新京）　[第147回]
009,36,南嶺戦跡記念碑　（新京郊外）　[第147回]
009,37,戦の跡　（新京郊外）　[第147回]
009,38,西公園　（新京）　[第147回]
009,39,寛城子　（新京郊外）　[第147回]
009,40,創業館　（新京）　[第147回]
009,41,護国般若寺　（新京）　[第147回]
009,42,忠霊塔　（新京）　[第147回]
009,43,移民村遠望　（北満）　[第148回]
009,44,『生琉里』［フルサト］　（北満）　[第148回]
009,45,耕された畑地　（北満）　[第148回]
009,46,移民村　（北満）　[第148回]
009,47,村の小学校　（北満）　[第148回]
009,48,粟の刈入れ　（北満）　[第148回]
009,49,粟の脱穀　（北満）　[第148回]
009,50,大根畑　（北満）　[第148回]
009,51,朝露に沽れて　（北満）　[第148回]
009,52,朝露に沾れて　（北満）　[第148回]
009,53,冀東政府　（通州）　[第149回]
009,54,通州鳥瞰　（通州）　[第149回]
009,55,通州の街　（通州）　[第149回]
009,56,池畔疎影　（通州）　[第149回]
009,57,燃灯舎利塔　（通州）　[第149回]
009,58,大運河　（通州）　[第149回]
009,59,城外風景　（通州）　[第149回]
009,60,行宮の跡　（通州）　[第149回]
009,61,湯山温泉　（湯山）　[第149回]
009,62,湯山の避暑地　（湯山）　[第149回]
009,63,張家口全景　（張家口）　[第150回]
009,64,張家口市街　（張家口）　[第150回]
009,65,河原の市　（張家口）　[第150回]
009,66,街の毛皮屋　（張家口）　[第150回]
009,67,永定河鉄橋　（張家口）　[第150回]
009,68,賜兜山全景　（張家口郊外）　[第150回]
009,69,賜兜山雲泉寺　（張家口郊外）　[第150回]
009,70,外辺長城　（張家口郊外）　[第150回]
009,71,長城の燉台　（張家口郊外）　[第150回]
009,72,塞外へ　（張家口）　[第150回]
009,73,順義の街　（順義県城）　[第151回]
009,74,牛欄山　（順義県）　[第151回]
009,75,蘇荘の堰　（順義県）　[第151回]
009,76,街頭の石［石へんに童］　（順義県城）　[第151回]
009,77,城門近く　（昌平城外）　[第151回]
009,78,昌平の譙楼　（昌平県城）　[第151回]
009,79,懐柔県城　（懐柔県城）　[第151回]
009,80,紅螺寺　（懐柔県）　[第151回]
009,81,秋の陽　（懐柔城外）　[第151回]
009,82,密雲市街　（密雲県城）　[第151回]
009,83,日向ぼつこ　（南満）　[第152回]
009,84,露天市場　（南満）　[第152回]
009,85,路鬼　（南満）　[第152回]
009,86,阿片吸煙　（南満）　[第152回]
009,87,街頭のシネマ　（南満）　[第152回]
009,88,講談　（南満）　[第152回]
009,89,路傍の飯店　（南満）　[第152回]
009,90,木に祷る　（南満）　[第152回]
009,91,易断の店先き　（南満）　[第152回]
009,92,種播き　（南満）　[第152回]
009,93,塩田用塩汲風車　（関東州）　[第153回]
009,94,塩の山　（関東州）　[第153回]
009,95,原料の粉砕　（関東州）　[第153回]
009,96,高粱酒の瓶詰　（関東州）　[第153回]
009,97,落花生の収穫　（関東州）　[第153回]
009,98,落花生の加工　（関東州）　[第153回]
009,99,羊毛の乾燥　（関東州）　[第153回]
009,100,糸をほぐす　（関東州）　[第153回]
009,101,紡毛　（関東州）　[第153回]
009,102,機織り　（関東州）　[第153回]
009,103,千振郷の部落　（千振郷）　[第154回]
009,104,湖南営の本通り　（千振郷）　[第154回]
009,105,種畜場の集合住宅　（千振郷）　[第154回]
009,106,種畜場　（千振郷）　[第154回]
009,107,農事試験場の温床　（千振郷）　[第154回]
009,108,耕作　（千振郷）　[第154回]
009,109,耕作用トラクター　（千振郷）　[第154回]
009,110,ホームスパン　（千振郷）　[第154回]
009,111,移民訓練所生の耕作　（千振郷）　[第154回]
009,112,村の鉄工場　（千振郷）　[第154回]
009,113,千振郷　[第155回]
009,114,村の掲示板　（千振郷）　[第155回]
009,115,湖南営の町　（千振郷）　[第155回]
009,116,集団家屋　（千振郷）　[第155回]
009,117,製材所　（千振郷）　[第155回]
009,118,春耕　（千振郷）　[第155回]
009,119,播種　（千振郷）　[第155回]
009,120,農具　（千振郷）　[第155回]
009,121,養蜂　（千振郷）　[第155回]
009,122,村の人々　（千振郷）　[第155回]
009,123,翻へる日章旗　（弥栄村）　[第156回]
009,124,弥栄駅　（弥栄村）　[第156回]
009,125,弥栄村役場　（弥栄村）　[第156回]
009,126,村の鍛工場　（弥栄村）　[第156回]
009,127,農具の修理場　[第156回]
009,128,移民地風景　[第156回]
009,129,弥栄小学校　（弥栄村）　[第156回]
009,130,豊富な木材　（弥栄村）　[第156回]
009,131,法悦の下に　（弥栄村）　[第156回]
009,132,春寒し　（弥栄村）　[第156回]
009,133,太沽　（天津附近）　[第157回]
009,134,塘沽　（天津附近）　[第157回]
009,135,天津碼頭　（天津）　[第157回]
009,136,天津東站　（天津）　[第157回]
009,137,日本租界　（天津）　[第157回]
009,138,伊太利租界　（天津）　[第157回]
009,139,城内支那街　（天津）　[第157回]
009,140,万国橋　（天津）　[第157回]
009,141,棉花船　（天津碼頭）　[第157回]
009,142,大和公園　（天津）　[第157回]
009,143,陽和台　（山西・陽高）　[第158回]
009,144,大同府展望　（山西省）　[第158回]
009,145,要鎮得勝口　（山西省）　[第158回]
009,146,長城は古りて　（山西省）　[第158回]
009,147,霊厳寺　（察哈爾・豊鎮）　[第158回]
009,148,平地泉全景　（察哈爾）　[第158回]
009,149,卓資山の駅路　（察哈爾）　[第158回]
009,150,穴居の生活　（察哈爾・卓資山）　[第158回]
009,151,穴居の内部　（察哈爾・卓資山）　[第158回]
009,152,穴居の厨房　（察哈爾・卓資山）　[第158回]
009,153,城門　（山西・大同）　[第159回]
009,154,古都大同　（山西省）　[第159回]
009,155,四牌楼附近　（山西・大同）　[第159回]
009,156,経幢と鉄炉　（山西・大同）　[第159回]
009,157,華厳寺大雄宝殿　（山西・大同）　[第159回]
009,158,梳粧楼　（山西・大同）　[第159回]
009,159,九竜壁　（山西・大同）　[第159回]
009,160,崩れ行く城壁　（山西・大同）　[第159回]
009,161,大同城外　（山西省）　[第159回]
009,162,街の金物屋　（山西・大同）　[第159回]
009,163,綏遠の鼓楼　（綏遠）　[第160回]
009,164,陰山々脈を望む　（綏遠）　[第160回]
009,165,帰化城の土城　（帰化城）　[第160回]
009,166,城外の平原　（帰化城）　[第160回]
009,167,悲劇の塚　（帰化城郊外）　[第160回]
009,168,大招寺の正殿　（帰化城）　[第160回]
009,169,包頭鎮　（包頭鎮）　[第160回]
009,170,街頭の糸車　（包頭鎮）　[第160回]
009,171,黄河の船着場　（包頭郊外）　[第160回]
009,172,内蒙へ　（包頭郊外）　[第160回]
009,173,下関　（南京城外）　[第161回]
009,174,国民政府　（南京）　[第161回]
009,175,秦淮のどよめき　（南京）　[第161回]
009,176,鶏鳴寺　（南京）　[第161回]
009,177,民船の螺集　（南京郊外）　[第161回]
009,178,玄武湖の清遊　（南京）　[第161回]
009,179,莫愁湖の春色　（南京）　[第161回]
009,180,城壁の上から　（南京）　[第161回]
009,181,獅子山　（南京）　[第161回]
009,182,燕子磯の風光　（南京）　[第161回]
010,2,◆目録[タイトル一覧]
010,3,漢口鳥瞰　（漢口）　[第162回]
010,4,漢口埠頭　（漢口）　[第162回]
010,5,漢口の支那町　（漢口）　[第162回]
010,6,租界に沿うて　（漢口）　[第162回]
010,7,漢水の賑ひ　（漢口）　[第162回]
010,8,漢陽　（漢陽）　[第162回]
010,9,古琴台　（漢陽）　[第162回]
010,10,武昌　（武昌）　[第162回]
010,11,黄鶴楼の旧趾　（武昌）　[第162回]
010,12,線香屋　（漢口）　[第162回]
010,13,◆目次（第163回　洞庭湖近く――湖南省――）
010,15,洞庭湖の帰帆　（湖南省）　[第163回]
010,16,長沙を望む　（長沙）　[第163回]
010,17,狭い街路　（長沙）　[第163回]
010,18,天心閣　（長沙）　[第163回]
010,19,岳麓書院の跡　（岳麓山）　[第163回]
010,20,革命戦士記念塔　（岳麓山）　[第163回]
010,21,岳州の町　（岳州）　[第163回]
010,22,水沿ひの町　（湘潭）　[第163回]
010,23,汨水のほとり　（湘陰近く）　[第163回]
010,24,厄病払ひ　（岳麓山にて）　[第163回]
010,25,◆目次（第164回　鄱陽湖畔――江西省――）
010,27,鄱陽湖の朝瞰　（江西省）　[第164回]
010,28,湖口の港　（湖口鎮）　[第164回]
010,29,湖口鎮　（湖口鎮）　[第164回]
010,30,九江々岸通　（九江）　[第164回]
010,31,西門のあたり　（九江）　[第164回]
010,32,竜開河岸　（九江）　[第164回]
010,33,城内の石坊　（南康）　[第164回]
010,34,南昌の碼頭　（南昌）　[第164回]
010,35,南昌の町　（南昌）　[第164回]
010,36,饒州港　（饒州）　[第164回]
010,37,◆目次（第165回　北支散見）
010,39,うらゝか　（北京郊外）　[第165回]
010,40,巷の更正譜　（北京）　[第165回]
010,41,池畔倒影　（北京）　[第165回]
010,42,思出の通州　[第165回]
010,43,古陵の石像　（南口）　[第165回]
010,44,明朗天津　[第165回]
010,45,膠州湾頭　（青島）　[第165回]
010,46,済南の大通り　[第165回]
010,47,曲阜の聖廟　[第165回]
010,48,葦の林　（北京郊外）　[第165回]
010,49,東站停車場　（北京）　[第166回]
010,50,景山から北海を　（北京）　[第166回]
010,51,景山の麓　（北京）　[第166回]
010,52,東西牌楼の四門　（北京）　[第166回]
010,53,東単大街　（北京）　[第166回]
010,54,王府大街　（北京）　[第166回]
010,55,正陽門を望む　（北京）　[第166回]
010,56,お濠ばた　（北京）　[第166回]
010,57,万寿山から　（北京）　[第166回]
010,58,女の検査員　（北京）　[第166回]
010,59,◆目次（第167回　広東と香港――広東省――）
010,61,香港の夜景　（香港）　[第167回]
010,62,香港市街　（香港）　[第167回]
010,63,支那町　（香港）　[第167回]
010,64,春開く　（香港）　[第167回]
010,65,広東碼頭　（広東）　[第167回]
010,66,江岸通　（広東）　[第167回]
010,67,通風装置　（広東）　[第167回]
010,68,裏町通　（広東）　[第167回]
010,69,大砲のある民船　（広東）　[第167回]
010,70,水に棲む小供　（広東）　[第167回]
010,71,◆目次（第168回　新青島風景――山東省――）
010,73,青島の街　（青島）　[第168回]
010,74,山東路　（青島）　[第168回]
010,75,加藤島を望む　（青島）　[第168回]
010,76,仲の町通　（青島）　[第168回]
010,77,大平路　（青島）　[第168回]
010,78,忠の海海水浴場　（青島）　[第168回]
010,79,砲台の跡　（青島）　[第168回]
010,80,湛山の別荘地　（青島）　[第168回]
010,81,海浜公園　（青島）　[第168回]
010,82,小港　（青島）　[第168回]
010,83,◆目次（第169回　上海新風景（一）――江蘇省――）
010,85,蘇州河畔　（上海）　[第169回]
010,86,国旗の下に　（上海）　[第169回]
010,87,バンドを望む　（上海）　[第169回]
010,88,共同租界　（上海）　[第169回]
010,89,テロの巣　（上海）　[第169回]
010,90,戦の跡（一）――八字橋付近――　（上海）　[第169回]
010,91,戦の跡（二）――鉄道管理局――　（上海）　[第169回]
010,92,英国巡邏兵　（上海）　[第169回]
010,93,競犬場　（上海）　[第169回]
010,94,日本陸戦隊本部　（上海）　[第169回]
010,95,◆目次（第170回　上海新風景（二）――江蘇省――）
010,97,ガーデンブリツヂから　（上海）　[第170回]
010,98,上海神社　（上海）　[第170回]
010,99,大山大尉の墓標　（上海）　[第170回]
010,100,南京路　（上海）　[第170回]
010,101,呉淞路　（上海）　[第170回]
010,102,戦の跡（三）――市公署跡――　（上海）　[第170回]
010,103,戦の跡（四）――商務印書館――　（上海）　[第170回]
010,104,ゼスフエールド公園　（上海）　[第170回]
010,105,大世界　（上海）　[第170回]
010,106,租界の境界　（上海）　[第170回]
010,107,◆目次（第171回　南京新風景）
010,109,維新政府　（南京）　[第171回]
010,110,中山東路　（南京）　[第171回]
010,111,覆はれた中山陵　（南京）　[第171回]
010,112,鼓楼　（南京）　[第171回]
010,113,戦の跡――中山門――　（南京）　[第171回]
010,114,夫子廟附近　（南京）　[第171回]
010,115,中華門外　[第171回]
010,116,雨の江辺　（南京）　[第171回]
010,117,鵞鳥の群れ　（南京）　[第171回]
010,118,明の孝陵　（南京）　[第171回]
010,119,◆目次（第172回　漢口――湖北省――）
010,121,漢口の街　（漢口）　[第172回]
010,122,みなと漢口　（漢口）　[第172回]
010,123,武漢の水路をつなぐ　（漢口）　[第172回]
010,124,漢口跑馬場　（漢口）　[第172回]
010,125,漢口の仏租界　（漢口）　[第172回]
010,126,中央停車場　（漢口）　[第172回]
010,127,政治都市武昌　（武昌）　[第172回]
010,128,抱冰堂　（武昌）　[第172回]
010,129,月湖あたり　（漢陽）　[第172回]
010,130,漢陽より武昌を　（漢陽）　[第172回]
010,131,◆目次（第173回　南京と蘇州（一））
010,133,水の都　（蘇州）　[第173回]
010,134,蘇州市街　（蘇州）　[第173回]
010,135,蘇州の運河　（蘇州）　[第173回]
010,136,水辺の潅漑　（蘇州）　[第173回]
010,137,双子塔　（蘇州）　[第173回]
010,138,清涼禅寺　（南京）　[第173回]
010,139,朝天宮　（南京）　[第173回]
010,140,雨花台附近　（南京）　[第173回]
010,141,莫愁湖　（南京）　[第173回]
010,142,光華門　（南京）　[第173回]
010,143,◆目次（第174回　杭州――浙江省――）
010,145,杭州鳥瞰　（杭州）　[第174回]
010,146,杭州市街　（杭州）　[第174回]
010,147,山峡の寺　（杭州郊外）　[第174回]
010,148,霊隠寺　（杭州）　[第174回]
010,149,飛来峯の石洞　（杭州）　[第174回]
010,150,義烈遺阡　（杭州）　[第174回]
010,151,岳王の墓　（杭州）　[第174回]
010,152,六和塔　（杭州郊外）　[第174回]
010,153,銭塘江　（杭州郊外）　[第174回]
010,154,西湖々畔　（杭州）　[第174回]
010,155,◆目次（第175回　西湖十景――浙江省――）
010,157,楊柳の影　（西湖）　[第175回]
010,158,西湖を望む（一）　（西湖）　[第175回]
010,159,西湖を望む（二）　（西湖）　[第175回]
010,160,蘇小々の墓　（西湖）　[第175回]
010,161,断橋　（西湖）　[第175回]
010,162,文欄閣附近　（西湖）　[第175回]
010,163,薫る長堤　（西湖）　[第175回]
010,164,三潭印月　（西湖）　[第175回]
010,165,湖浜公園より　（西湖）　[第175回]
010,166,湧金門附近　（西湖）　[第175回]
010,167,◆目次（第176回　寧波と普陀山――浙江省――）
010,169,断崖の僧院　（普陀山）　[第176回]
010,170,薬売り　（普陀山）　[第176回]
010,171,◆目次（第177回　浙贛鉄路沿線――江西省――）
010,173,贛江の流れ　（江西省）　[第177回]
010,174,南昌市街　（江西省）　[第177回]
010,175,南潯車站　（南昌）　[第177回]
010,176,戦の跡　（南昌）　[第177回]
010,177,新喩附近の石橋　（江西省）　[第177回]
010,178,袁州の城趾　（江西省）　[第177回]
010,179,袁州の断橋　（江西省）　[第177回]
010,180,萍郷の町　（江西省）　[第177回]
010,181,萍郷の東門橋　（江西省）　[第177回]
010,182,安源炭坑　（江西省）　[第177回]
010,183,◆目次（第178回　福州――福建省――）
010,185,福州を望む　（福州）　[第178回]
010,186,居留地附近　（福州）　[第178回]
010,187,碼頭の一角　（福州）　[第178回]
010,188,干山の白塔　（福州）　[第178回]
010,189,蒼霞州　（福州）　[第178回]
010,190,西湖公園　（福州）　[第178回]
010,191,皷山の寺観　（福州）　[第178回]
010,192,倭寇台　（福州）　[第178回]
010,193,洪山橋　（福州）　[第178回]
010,194,芭蕉の林　（福州）　[第178回]
010,195,◆目次（第179回　廬山十景――江西省――）
010,197,雲煙漂茫　（廬山）　[第179回]
010,198,避暑山荘　（廬山）　[第179回]
010,199,牯嶺　（廬山）　[第179回]
010,200,鄱陽湖を瞰む　（廬山）　[第179回]
010,201,三畳泉　（廬山）　[第179回]
010,202,金輪塔　（廬山）　[第179回]
010,203,天池山下の谿谷　（廬山）　[第179回]
010,204,白鹿洞　（廬山）　[第179回]
010,205,御碑亭　（廬山）　[第179回]
010,206,山中の僧侶　（廬山）　[第179回]
010,207,水郷寧波　（寧波）　[第176回]
010,208,寧波の町　（寧波）　[第176回]
010,209,甬城の跡　（寧波）　[第176回]
010,210,裏通り　（寧波）　[第176回]
010,211,郊外の運河　（寧波）　[第176回]
010,212,甬江河口　（寧波附近）　[第176回]
010,213,普陀山の登り口　（普陀山）　[第176回]
010,214,轎子に揺られて　（普陀山）　[第176回]
011,2,◆目録[タイトル一覧]
011,3,◆目次（第180回　鴨緑江岸）
011,5,上流にて　（鴨緑江）　[第180回]
011,6,長白の街　（鴨緑江）　[第180回]
011,7,恵山鎮　（鴨緑江）　[第180回]
011,8,葛田里　（鴨緑江）　[第180回]
011,9,筏　（鴨緑江）　[第180回]
011,10,中江鎮　（鴨緑江）　[第180回]
011,11,筏流して　（鴨緑江）　[第180回]
011,12,関門附近の夕映　（鴨緑江）　[第180回]
011,13,鉄砲関　（鴨緑江）　[第180回]
011,14,落葉松処女林　（鴨緑江）　[第180回]
011,15,◆目次（第181回　安奉線の景勝）
011,17,湯の町　（五竜背）　[第181回]
011,18,鳳凰の山麓　（鳳凰城）　[第181回]
011,19,高麗より鳳凰を　（高麗門）　[第181回]
011,20,釣魚台　（釣魚台）　[第181回]
011,21,連山関附近　（連山関）　[第181回]
011,22,水車小屋　（古松子附近）　[第181回]
011,23,細河のほとり　（南坆附近）　[第181回]
011,24,五本松　（長嶺附近）　[第181回]
011,25,五竜川　（沙河鎮）　[第181回]
011,26,渡し船　（太子河）　[第181回]
011,27,◆目次（第182回　東辺道）
011,29,通化城門　（東辺道）　[第182回]
011,30,通化市街　（東辺道）　[第182回]
011,31,通化橋　（東辺道）　[第182回]
011,32,通化公園　（東辺道）　[第182回]
011,33,渾江　（東辺道）　[第182回]
011,34,五道江　（東辺道）　[第182回]
011,35,五道江附近　（東辺道）　[第182回]
011,36,老嶼途上　（東辺道）　[第182回]
011,37,老嶺にて　（東辺道）　[第182回]
011,38,山中の温泉　（東辺道）　[第182回]
011,39,◆目次（第183回　東辺道（二））
011,41,臨江下瞰　（臨江）　[第183回]
011,42,臨江門　（臨江）　[第183回]
011,43,国境の町　（臨江）　[第183回]
011,44,江岸の碼頭　（臨江）　[第183回]
011,45,銃眼のあと　（臨江）　[第183回]
011,46,鴨緑江を隔て　（臨江）　[第183回]
011,47,東辺道の山容　（臨江附近）　[第183回]
011,48,煙筒溝附近　（臨江附近）　[第183回]
011,49,大栗子溝　（臨江附近）　[第183回]
011,50,葉煙草売り　（臨江）　[第183回]
011,51,◆目次（第184回　奉天の旧蹟）
011,53,東陵隆恩門　（奉天）　[第184回]
011,54,碑楼　（奉天・東陵）　[第184回]
011,55,隆恩殿　（奉天・東陵）　[第184回]
011,56,大理石の石階　（奉天・東陵）　[第184回]
011,57,明楼と宝城　（奉天・東陵）　[第184回]
011,58,石門　（奉天・東陵）　[第184回]
011,59,皇寺前の牌楼　（奉天）　[第184回]
011,60,嗎哈噶喇楼　（奉天・皇寺）　[第184回]
011,61,法輪寺本堂　（奉天）　[第184回]
011,62,白塔　（奉天・法輪寺）　[第184回]
011,63,◆目次（第185回　回々教）
011,65,清真寺本堂　[第185回]
011,66,清真寺大殿　　[第185回]
011,67,礼拝　[第185回]
011,68,清真寺の月楼　[第185回]
011,69,月楼の尖頭　　[第185回]
011,70,沐浴　[第185回]
011,71,回々教徒　[第185回]
011,72,回教徒の門構　[第185回]
011,73,回教中学校　[第185回]
011,74,回教徒の飯店　[第185回]
011,75,◆目次（第186回　安邑と運城附近――山西省――）
011,77,山西塩池　（山西省）　[第186回]
011,78,塩硝　（山西・塩池）　[第186回]
011,79,塩水汲み　（山西・塩池）　[第186回]
011,80,運城の楼門　（山西省）　[第186回]
011,81,運城の町　（山西省）　[第186回]
011,82,古都安邑　（山西省）　[第186回]
011,83,安邑県　（山西省）　[第186回]
011,84,塩池神殿　（山西・運城）　[第186回]
011,85,塩池神殿中庭　（山西・運城）　[第186回]
011,86,舜帝弾琴所　（山西・運城）　[第186回]
011,87,祭竃　[第187回]
011,88,春聯書き　[第187回]
011,89,紙鳶　[第187回]
011,90,門神　[第187回]
011,91,歳の市　[第187回]
011,92,買物に　[第187回]
011,93,春近し　[第187回]
011,94,祭壇　[第187回]
011,95,元旦詣り　[第187回]
011,96,爆竹　[第187回]
011,97,◆目次（第188回　北満浅春）
011,99,冬林疎影　（北満）　[第188回]
011,100,先住の移民部落　（北満）　[第188回]
011,101,氷上を往く　（北満）　[第188回]
011,102,馬宿　（北満）　[第188回]
011,103,暮近し　（北満）　[第188回]
011,104,せんたく　（北満）　[第188回]
011,105,広場の市　（北満）　[第188回]
011,106,城壁の崩れ　（北満）　[第188回]
011,107,幌馬車の列　（北満）　[第188回]
011,108,雪の鏡泊湖　（北満）　[第188回]
011,109,◆目次（第189回　泰山――山東省――）
011,111,岱廟より泰山を　（泰山）　[第189回]
011,112,登山　（泰山）　[第189回]
011,113,十八連盤難路　（泰山）　[第189回]
011,114,御帳坪の瀑　（泰山）　[第189回]
011,115,獅子峯　（泰山）　[第189回]
011,116,南天門附近の宿房　（泰山）　[第189回]
011,117,日観峯　（泰山）　[第189回]
011,118,碧霞元君廟　（泰山）　[第189回]
011,119,泰山頂の無字碑　（泰山）　[第189回]
011,120,泰山々頂から　（泰山）　[第189回]
011,121,芝罘の港　（芝罘）　[第190回]
011,122,小蓬莱から　（芝罘）　[第190回]
011,123,煙台山　（芝罘）　[第190回]
011,124,威海衛の灯台　（威海衛）　[第190回]
011,125,威海衛城門　（威海衛）　[第190回]
011,126,登州の皷楼　（登州）　[第190回]
011,127,竜口の町　（竜口）　[第190回]
011,128,栄成市街　（栄成）　[第190回]
011,129,帆を繕ふ　（栄成）　[第190回]
011,130,山東角の潮　[第190回]
011,131,◆目次（第191回　済南（山東省））
011,133,済南鳥瞰　（済南）　[第191回]
011,134,大明湖の夏　（済南）　[第191回]
011,135,鉄公祠　（済南）　[第191回]
011,136,竜洞寺　（済南）　[第191回]
011,137,千仏山　（済南）　[第191回]
011,138,黄河の鉄橋　（灤口）　[第191回]
011,139,灤口碼頭　（済南）　[第191回]
011,140,渡し船　（済南）　[第191回]
011,141,村の葬式　[第191回]
011,142,黒河の船　（灤口）　[第191回]
011,143,◆目次（第192回　蒙古風景）
011,145,草原の朝　（蒙古）　[第192回]
011,146,罌粟の花　（蒙古）　[第192回]
011,147,沙丘はつゞく　（蒙古）　[第192回]
011,148,草原の廟　（蒙古）　[第192回]
011,149,蒙古の女　（蒙古）　[第192回]
011,150,蒙古包の組立　（蒙古）　[第192回]
011,151,蒙古包の内部　（蒙古）　[第192回]
011,152,牛糞を拾ふ　（蒙古）　[第192回]
011,153,水を求めて　（蒙古）　[第192回]
011,154,草原の夕　（蒙古）　[第192回]
011,155,◆目次（第193回　包頭と五原――蒙疆――）
011,157,塞外の町　（包頭鎮）　[第193回]
011,158,土城は古りて　（包頭鎮）　[第193回]
011,159,陸の運搬機関　（包頭・南海子）　[第193回]
011,160,河畔の夕映　（包頭・南海子）　[第193回]
011,161,船人の夕餉　（包頭・南海子）　[第193回]
011,162,唄を聴く群　（包頭・南海子）　[第193回]
011,163,馬糞の乾燥　（五原）　[第193回]
011,164,草原の馬宿　（五原街道）　[第193回]
011,165,馬上の王様　（五原街道）　[第193回]
011,166,烏拉山遠望　（五原）　[第193回]
011,167,◆目次（第194回　喇嘛教――東蒙――）
011,169,山中の喇嘛廟　[第194回]
011,170,喇嘛廟内殿　[第194回]
011,171,大喇嘛　[第194回]
011,172,野外の法要　[第194回]
011,173,法要の供物　[第194回]
011,174,喇嘛廟の舞台　[第194回]
011,175,百万遍　[第194回]
011,176,喇嘛僧の盛装　[第194回]
011,177,喇嘛僧と僧房　[第194回]
011,178,法灯　[第194回]
011,179,◆目次（第195回　看板集（一））
011,181,招牌の始まり　[第195回]
011,182,現物看板　[第195回]
011,183,刷毛屋の店先　[第195回]
011,184,金銀飾屋　[第195回]
011,185,トーテム看板　[第195回]
011,186,宝竜　[第195回]
011,187,竜頭の標竿　[第195回]
011,188,冥衣舗　[第195回]
011,189,田舎の旅舎　[第195回]
011,190,文字看板　[第195回]
011,191,◆目次（第196回　紹興（浙江省））
011,193,水都紹興　（紹興）　[第196回]
011,194,紹興全景　（紹興）　[第196回]
011,195,迎恩門　（紹興）　[第196回]
011,196,古城の跡　（紹興）　[第196回]
011,197,東浦の酒郷　（紹興）　[第196回]
011,198,大禹の廟　（紹興）　[第196回]
011,199,府山の望海亭　（紹興）　[第196回]
011,200,三江閘の大東橋　（紹興）　[第196回]
011,201,会稽山を望む　（紹興）　[第196回]
011,202,鵜飼ひ　（紹興）　[第196回]
011,203,◆目次（第197回　景徳鎮の窯――江西省――）
011,205,景徳鎮の窯　（景徳鎮）　[第197回]
011,206,練泥　（景徳鎮）　[第197回]
011,207,做坯　（景徳鎮）　[第197回]
011,208,成坯　（景徳鎮）　[第197回]
011,209,印坯　（景徳鎮）　[第197回]
011,210,画坯　（景徳鎮）　[第197回]
011,211,蕩泑　（景徳鎮）　[第197回]
011,212,焼窯　（景徳鎮）　[第197回]
011,213,鉢の山　（景徳鎮）　[第197回]
011,214,庭先き　（景徳鎮）　[第197回]
012,2,◆目録[タイトル一覧]
012,3,◆目次（第198回　福州情景――福建省――）
012,5,漁村曙　[第198回]
012,6,碼頭の朝　（福州）　[第198回]
012,7,西湖の古亭　（福州）　[第198回]
012,8,九仙観　（福州）　[第198回]
012,9,鼓山の山門　（福州郊外）　[第198回]
012,10,轎子にゆられて　（福州）　[第198回]
012,11,女労働者　（福州）　[第198回]
012,12,郵便船　（福州）　[第198回]
012,13,やぐら艪　（福州郊外）　[第198回]
012,14,茶館の昼　（福州）　[第198回]
012,15,◆目次（第199回　閩江情景――福建省――）
012,17,延平附近　（閩江）　[第199回]
012,18,民船の船着場　（閩江）　[第199回]
012,19,曳き船　（閩江）　[第199回]
012,20,猫雀船　（閩江）　[第199回]
012,21,水郷情致　[第199回]
012,22,渡し船　（福州）　[第199回]
012,23,朝餉どき　（福州）　[第199回]
012,24,洪山橋上　（福州）　[第199回]
012,25,万寿橋　（福州）　[第199回]
012,26,馬尾近く　（閩江）　[第199回]
012,27,◆目次（第200回　江南の水）
012,29,江南の春　（南京）　[第200回]
012,30,浅春　（南京）　[第200回]
012,31,玄武湖のほとり　（南京）　[第200回]
012,32,春の磯辺　（南京）　[第200回]
012,33,中山門外　（南京）　[第200回]
012,34,通州遠望　（通州）　[第200回]
012,35,金山江天寺　（鎮江）　[第200回]
012,36,小金山の春　（楊州）　[第200回]
012,37,水の都　（蘇州）　[第200回]
012,38,西湖の落暉　（杭州）　[第200回]
012,39,◆目次（第201回　湖南風景）
012,41,洞庭湖　（洞庭湖）　[第201回]
012,42,湖畔の漁人　（洞庭湖）　[第201回]
012,43,南天門　（南岳）　[第201回]
012,44,雲海　（南岳）　[第201回]
012,45,岳州を望む　（岳州）　[第201回]
012,46,岳麓山より　（長沙）　[第201回]
012,47,蔡鍔の墓　（長沙）　[第201回]
012,48,屈原の墓　（湘陰）　[第201回]
012,49,虞帝二妃之墓　（湘陰）　[第201回]
012,50,湘江のほとり　（湘江）　[第201回]
012,51,◆目次（第202回　街頭に拾ふ――風俗――）
012,53,廟の前　[第202回]
012,54,曲芸師　[第202回]
012,55,高脚踊り　[第202回]
012,56,愛禽　[第202回]
012,57,午どき　[第202回]
012,58,薬売り　[第202回]
012,59,街頭の床屋　[第202回]
012,60,輪投げ　[第202回]
012,61,煙掃屋　[第202回]
012,62,巷の飲食店　[第203回]
012,63,◆目次（第203回　蒙古旅）
012,65,夕の丘　（蒙古）　[第203回]
012,66,草いきれ　（蒙古）　[第203回]
012,67,黎明　（蒙古）　[第203回]
012,68,騎馬隊　（蒙古）　[第203回]
012,69,悍馬に鞭ち（蒙古）　[第203回]
012,70,轍のあと　（蒙古）　[第203回]
012,71,馬車を下りて　（蒙古）　[第203回]
012,72,鄂博　（蒙古）　[第203回]
012,73,草原の喇嘛塔　（蒙古）　[第203回]
012,74,　[第203回]
012,75,◆目次（第210回　熊岳城と得利寺）
012,77,戦蹟碑　（得利寺）　[第210回]
012,78,竜潭廟　（得利寺）　[第210回]
012,79,耕作　（得利寺）　[第210回]
012,80,松樹公園より　（松樹）　[第210回]
012,81,熊岳城温泉　（熊岳城）　[第210回]
012,82,温泉街道　（熊岳城）　[第210回]
012,83,望小山を望む　（熊岳城）　[第210回]
012,84,青竜山　（熊岳城）　[第210回]
012,85,韓家の梨園　（熊岳城）　[第210回]
012,86,暮るる河原　（熊岳城）　[第210回]
012,87,◆目次（第211回　晋北――北支）
012,89,大同市街　（晋北）　[第211回]
012,90,町の鍛冶屋　（大同）　[第211回]
012,91,省境　（晋北）　[第211回]
012,92,雲岡石窟（一）　（晋北）　[第211回]
012,93,雲岡石窟（二）　（晋北）　[第211回]
012,94,応県　（晋北）　[第211回]
012,95,朔県　（晋北）　[第211回]
012,96,渾源　（晋北）　[第211回]
012,97,河曲　（晋北）　[第211回]
012,98,嫁入り　（大同附近）　[第211回]
012,99,◆目次（第212回　金城沿線）
012,101,水も空も　（長山列島）　[第212回]
012,102,大長山の景観　（長山列島）　[第212回]
012,103,海洋島の港　（長山列島）　[第212回]
012,104,瀞　（海洋島）　[第212回]
012,105,長山列島を望む　（城子［田へんに童］）　[第212回]
012,106,朝色　（貔子窩）　[第212回]
012,107,貔子窩の塩田　（貔子窩）　[第212回]
012,108,杏樹屯の磯　（杏樹屯）　[第212回]
012,109,暮るゝ農村　[第212回]
012,110,鳥篭のある景　[第212回]
012,111,◆目次（第204回　支那葬式――風俗――）
012,113,祭壇　[第204回]
012,114,磕頭の礼　[第204回]
012,115,怪寄な供物　[第204回]
012,116,盛装の道士　[第204回]
012,117,輓旗の列　[第204回]
012,118,彰徳額　[第204回]
012,119,路鬼人形　[第204回]
012,120,供奉人形　[第204回]
012,121,霊枢　[第204回]
012,122,葬送の近親　[第204回]
012,123,◆目次（第205回　鴨緑江岸）
012,125,渓流　（鴨緑江）　[第205回]
012,126,恵山鎮近く　（鴨緑江）　[第205回]
012,127,流筏　（鴨緑江）　[第205回]
012,128,筏夫　（鴨緑江）　[第205回]
012,129,碧潭　（鴨緑江）　[第205回]
012,130,関門あたり　（鴨緑江）　[第205回]
012,131,飛沫を浴びて　（鴨緑江）　[第205回]
012,132,洗剣亭　（鴨緑江）　[第205回]
012,133,支那筏　（鴨緑江）　[第205回]
012,134,安東江岸　（鴨緑江）　[第205回]
012,135,水都吉林　（吉林）　[第206回]
012,136,吉林市街　（吉林）　[第206回]
012,137,毛皮の露店　（吉林）　[第206回]
012,138,北山より　（吉林）　[第206回]
012,139,玉皇閣　（吉林）　[第206回]
012,140,祭りの日　（吉林）　[第206回]
012,141,聖廟　（吉林）　[第206回]
012,142,静けさ　（吉林）　[第206回]
012,143,団子山　（吉林）　[第206回]
012,144,江岸の筏　（吉林）　[第206回]
012,145,◆目次（第207回　哈爾浜と天理村）
012,147,哈爾浜神社　（哈爾浜）　[第207回]
012,148,緑の街　（哈爾浜）　[第207回]
012,149,中央寺院　（哈爾浜）　[第207回]
012,150,花売り　（哈爾浜）　[第207回]
012,151,街頭にて　（哈爾浜）　[第207回]
012,152,天理村　（天理村）　[第207回]
012,153,麦の脱穀　（天理村）　[第207回]
012,154,蔬菜畑　（天理村）　[第207回]
012,155,野良の午時　（天理村）　[第207回]
012,156,拓土に眠る　（天理村）　[第207回]
012,157,◆目次（第208回　古都遼陽）
012,159,白塔　（遼陽）　[第208回]
012,160,城内十字街　（遼陽）　[第208回]
012,161,孔子廟　（遼陽）　[第208回]
012,162,金銀庫　（遼陽）　[第208回]
012,163,九竜壁の彫飾　（遼陽）　[第208回]
012,164,古風な招牌　（遼陽）　[第208回]
012,165,新城　（遼陽）　[第208回]
012,166,土城　（遼陽）　[第208回]
012,167,　[第208回]
012,168,橘中佐の碑　（遼陽）　[第208回]
012,169,◆目次（第209回　海城）
012,171,城壁から　（海城）　[第209回]
012,172,魁星楼　（海城）　[第209回]
012,173,南門あたり　（海城）　[第209回]
012,174,旗人の家　（海城）　[第209回]
012,175,海城の印象　（海城）　[第209回]
012,176,玉皇廟山　（海城）　[第209回]
012,177,厝石山　（海城）　[第209回]
012,178,柞蚕　（海城）　[第209回]
012,179,欄可山　（海城）　[第209回]
012,180,初冬　（海城）　[第209回]
