ID,Thubmnail
MCJB00022,http://www.tbcas.jp/ja/lib/lib5/data/MCJB00022/files/assets/flash/pages/page0001_s.png
MCJB00068-HTML,http://www.tbcas.jp/ja/lib/lib5/data/MCJB00068/HTML/files/assets/flash/pages/page0001_s.png
MCJB00093,http://www.tbcas.jp/ja/lib/lib5/data/MCJB00093/files/assets/flash/pages/page0001_s.png
MCJB00096-HTML,http://www.tbcas.jp/ja/lib/lib5/data/MCJB00096/HTML/files/assets/flash/pages/page0001_s.png
MCJB00166,http://www.tbcas.jp/ja/lib/lib5/data/MCJB00166/files/assets/flash/pages/page0001_s.png
MCJB00174(2),http://www.tbcas.jp/ja/lib/lib5/data/MCJB00174(2)/files/assets/flash/pages/page0001_s.png
MCJB00174(3),http://www.tbcas.jp/ja/lib/lib5/data/MCJB00174(3)/files/assets/flash/pages/page0001_s.png
MCJB00225,http://www.tbcas.jp/ja/lib/lib5/data/MCJB00225/files/assets/flash/pages/page0001_s.png
MCJB00343-HTML,http://www.tbcas.jp/ja/lib/lib5/data/MCJB00343/HTML/files/assets/flash/pages/page0001_s.png
MCJB00366,http://www.tbcas.jp/ja/lib/lib5/data/MCJB00366/files/assets/flash/pages/page0001_s.png
MCJB00367,http://www.tbcas.jp/ja/lib/lib5/data/MCJB00367/files/assets/flash/pages/page0001_s.png
MCJB00369,http://www.tbcas.jp/ja/lib/lib5/data/MCJB00369/files/assets/flash/pages/page0001_s.png
MCJB00443,http://www.tbcas.jp/ja/lib/lib5/data/MCJB00443/files/assets/flash/pages/page0001_s.png
MCJB00446,http://www.tbcas.jp/ja/lib/lib5/data/MCJB00446/files/assets/flash/pages/page0001_s.png
MCJB00463,http://www.tbcas.jp/ja/lib/lib5/data/MCJB00463/files/assets/flash/pages/page0001_s.png
MCJB00466,http://www.tbcas.jp/ja/lib/lib5/data/MCJB00466/files/assets/flash/pages/page0001_s.png
MCJB00509,http://www.tbcas.jp/ja/lib/lib5/data/MCJB00509/files/assets/flash/pages/page0001_s.png
MCJB00513,http://www.tbcas.jp/ja/lib/lib5/data/MCJB00513/files/assets/flash/pages/page0001_s.png
MCJB00532,http://www.tbcas.jp/ja/lib/lib5/data/MCJB00532/files/assets/flash/pages/page0001_s.png
MCJB00546-HTML,http://www.tbcas.jp/ja/lib/lib5/data/MCJB00546/HTML/files/assets/flash/pages/page0001_s.png
MCJB00606,http://www.tbcas.jp/ja/lib/lib5/data/MCJB00606/files/assets/flash/pages/page0001_s.png
MCJB00654,http://www.tbcas.jp/ja/lib/lib5/data/MCJB00654/files/assets/flash/pages/page0001_s.png
MCJB00667,http://www.tbcas.jp/ja/lib/lib5/data/MCJB00667/files/assets/flash/pages/page0001_s.png
MCJB00668,http://www.tbcas.jp/ja/lib/lib5/data/MCJB00668/files/assets/flash/pages/page0001_s.png
MCJB00669,http://www.tbcas.jp/ja/lib/lib5/data/MCJB00669/files/assets/flash/pages/page0001_s.png
MCJB00670,http://www.tbcas.jp/ja/lib/lib5/data/MCJB00670/files/assets/flash/pages/page0001_s.png
MCJB00671,http://www.tbcas.jp/ja/lib/lib5/data/MCJB00671/files/assets/flash/pages/page0001_s.png
MCJB00672,http://www.tbcas.jp/ja/lib/lib5/data/MCJB00672/files/assets/flash/pages/page0001_s.png
MCJB00673,http://www.tbcas.jp/ja/lib/lib5/data/MCJB00673/files/assets/flash/pages/page0001_s.png
MCJB00679,http://www.tbcas.jp/ja/lib/lib5/data/MCJB00679/files/assets/flash/pages/page0001_s.png
MCJB00715,http://www.tbcas.jp/ja/lib/lib5/data/MCJB00715/files/assets/flash/pages/page0001_s.png
MCJB00751,http://www.tbcas.jp/ja/lib/lib5/data/MCJB00751/files/assets/flash/pages/page0001_s.png
MCJB00756,http://www.tbcas.jp/ja/lib/lib5/data/MCJB00756/files/assets/flash/pages/page0001_s.png
MCJB00843,http://www.tbcas.jp/ja/lib/lib5/data/MCJB00843/files/assets/flash/pages/page0001_s.png
MCJB00844,http://www.tbcas.jp/ja/lib/lib5/data/MCJB00844/files/assets/flash/pages/page0001_s.png
MCJB00960(1),http://www.tbcas.jp/ja/lib/lib5/data/MCJB00960(1)/files/assets/flash/pages/page0001_s.png
MCJB01003(1)-HTML,http://www.tbcas.jp/ja/lib/lib5/data/MCJB01003(1)/HTML/files/assets/flash/pages/page0001_s.png
MCJB01003(2)-HTML,http://www.tbcas.jp/ja/lib/lib5/data/MCJB01003(2)/HTML/files/assets/flash/pages/page0001_s.png
MCJB01003(3)-HTML,http://www.tbcas.jp/ja/lib/lib5/data/MCJB01003(3)/HTML/files/assets/flash/pages/page0001_s.png
MCJB01003(4)-HTML,http://www.tbcas.jp/ja/lib/lib5/data/MCJB01003(4)/HTML/files/assets/flash/pages/page0001_s.png
MCJB01003(5)-HTML,http://www.tbcas.jp/ja/lib/lib5/data/MCJB01003(5)/HTML/files/assets/flash/pages/page0001_s.png
MCJB01003(6)-HTML,http://www.tbcas.jp/ja/lib/lib5/data/MCJB01003(6)/HTML/files/assets/flash/pages/page0001_s.png
MCJB01003(7)-HTML,http://www.tbcas.jp/ja/lib/lib5/data/MCJB01003(7)/HTML/files/assets/flash/pages/page0001_s.png
MCJB01003(8)-HTML,http://www.tbcas.jp/ja/lib/lib5/data/MCJB01003(8)/HTML/files/assets/flash/pages/page0001_s.png
MCJB01006,http://www.tbcas.jp/ja/lib/lib5/data/MCJB01006/files/assets/flash/pages/page0001_s.png
MCJB01040,http://www.tbcas.jp/ja/lib/lib5/data/MCJB01040/files/assets/flash/pages/page0001_s.png
MCJB01153,http://www.tbcas.jp/ja/lib/lib5/data/MCJB01153/files/assets/flash/pages/page0001_s.png
MCJB01177,http://www.tbcas.jp/ja/lib/lib5/data/MCJB01177/files/assets/flash/pages/page0001_s.png
MCJB01195,http://www.tbcas.jp/ja/lib/lib5/data/MCJB01195/files/assets/flash/pages/page0001_s.png
MCJB01197,http://www.tbcas.jp/ja/lib/lib5/data/MCJB01197/files/assets/flash/pages/page0001_s.png
MCJB01220,http://www.tbcas.jp/ja/lib/lib5/data/MCJB01220/files/assets/flash/pages/page0001_s.png
MCJB01222,http://www.tbcas.jp/ja/lib/lib5/data/MCJB01222/files/assets/flash/pages/page0001_s.png
MCJB01223,http://www.tbcas.jp/ja/lib/lib5/data/MCJB01223/files/assets/flash/pages/page0001_s.png
MCJB01224,http://www.tbcas.jp/ja/lib/lib5/data/MCJB01224/files/assets/flash/pages/page0001_s.png
MCJB01243,http://www.tbcas.jp/ja/lib/lib5/data/MCJB01243/files/assets/flash/pages/page0001_s.png
MCJB01245(2),http://www.tbcas.jp/ja/lib/lib5/data/MCJB01245(2)/files/assets/flash/pages/page0001_s.png
MCJB01245(4),http://www.tbcas.jp/ja/lib/lib5/data/MCJB01245(4)/files/assets/flash/pages/page0001_s.png
MCJB01245(5),http://www.tbcas.jp/ja/lib/lib5/data/MCJB01245(5)/files/assets/flash/pages/page0001_s.png
MCJB01245(6),http://www.tbcas.jp/ja/lib/lib5/data/MCJB01245(6)/files/assets/flash/pages/page0001_s.png
MCJB01245(7),http://www.tbcas.jp/ja/lib/lib5/data/MCJB01245(7)/files/assets/flash/pages/page0001_s.png
MCJB01245(9),http://www.tbcas.jp/ja/lib/lib5/data/MCJB01245(9)/files/assets/flash/pages/page0001_s.png
MCJB01249,http://www.tbcas.jp/ja/lib/lib5/data/MCJB01249/files/assets/flash/pages/page0001_s.png
MCJB01290,http://www.tbcas.jp/ja/lib/lib5/data/MCJB01290/files/assets/flash/pages/page0001_s.png
MCJB01291,http://www.tbcas.jp/ja/lib/lib5/data/MCJB01291/files/assets/flash/pages/page0001_s.png
MCJB01295(1),http://www.tbcas.jp/ja/lib/lib5/data/MCJB01295(1)/files/assets/flash/pages/page0001_s.png
MCJB01295(10),http://www.tbcas.jp/ja/lib/lib5/data/MCJB01295(10)/files/assets/flash/pages/page0001_s.png
MCJB01295(11),http://www.tbcas.jp/ja/lib/lib5/data/MCJB01295(11)/files/assets/flash/pages/page0001_s.png
MCJB01295(2),http://www.tbcas.jp/ja/lib/lib5/data/MCJB01295(2)/files/assets/flash/pages/page0001_s.png
MCJB01295(3),http://www.tbcas.jp/ja/lib/lib5/data/MCJB01295(3)/files/assets/flash/pages/page0001_s.png
MCJB01295(4),http://www.tbcas.jp/ja/lib/lib5/data/MCJB01295(4)/files/assets/flash/pages/page0001_s.png
MCJB01295(5),http://www.tbcas.jp/ja/lib/lib5/data/MCJB01295(5)/files/assets/flash/pages/page0001_s.png
MCJB01295(6),http://www.tbcas.jp/ja/lib/lib5/data/MCJB01295(6)/files/assets/flash/pages/page0001_s.png
MCJB01295(7),http://www.tbcas.jp/ja/lib/lib5/data/MCJB01295(7)/files/assets/flash/pages/page0001_s.png
MCJB01295(8),http://www.tbcas.jp/ja/lib/lib5/data/MCJB01295(8)/files/assets/flash/pages/page0001_s.png
MCJB01295(9),http://www.tbcas.jp/ja/lib/lib5/data/MCJB01295(9)/files/assets/flash/pages/page0001_s.png
MCJB01323,http://www.tbcas.jp/ja/lib/lib5/data/MCJB01323/files/assets/flash/pages/page0001_s.png
MCJB01325,http://www.tbcas.jp/ja/lib/lib5/data/MCJB01325/files/assets/flash/pages/page0001_s.png
MCJB01327,http://www.tbcas.jp/ja/lib/lib5/data/MCJB01327/files/assets/flash/pages/page0001_s.png
MCJB01328,http://www.tbcas.jp/ja/lib/lib5/data/MCJB01328/files/assets/flash/pages/page0001_s.png
MCJB01331,http://www.tbcas.jp/ja/lib/lib5/data/MCJB01331/files/assets/flash/pages/page0001_s.png
MCJB01332,http://www.tbcas.jp/ja/lib/lib5/data/MCJB01332/files/assets/flash/pages/page0001_s.png
MCJB01336,http://www.tbcas.jp/ja/lib/lib5/data/MCJB01336/files/assets/flash/pages/page0001_s.png
MCJB01337,http://www.tbcas.jp/ja/lib/lib5/data/MCJB01337/files/assets/flash/pages/page0001_s.png
MCJB01341,http://www.tbcas.jp/ja/lib/lib5/data/MCJB01341/files/assets/flash/pages/page0001_s.png
MCJB01360,http://www.tbcas.jp/ja/lib/lib5/data/MCJB01360/files/assets/flash/pages/page0001_s.png
MCJB01361(1),http://www.tbcas.jp/ja/lib/lib5/data/MCJB01361(1)/files/assets/flash/pages/page0001_s.png
MCJB01361(2),http://www.tbcas.jp/ja/lib/lib5/data/MCJB01361(2)/files/assets/flash/pages/page0001_s.png
MCJB01361(3),http://www.tbcas.jp/ja/lib/lib5/data/MCJB01361(3)/files/assets/flash/pages/page0001_s.png
MCJB01361(4),http://www.tbcas.jp/ja/lib/lib5/data/MCJB01361(4)/files/assets/flash/pages/page0001_s.png
MCJB01367,http://www.tbcas.jp/ja/lib/lib5/data/MCJB01367/files/assets/flash/pages/page0001_s.png
MCJB01370,http://www.tbcas.jp/ja/lib/lib5/data/MCJB01370/files/assets/flash/pages/page0001_s.png
MCJB01373,http://www.tbcas.jp/ja/lib/lib5/data/MCJB01373/files/assets/flash/pages/page0001_s.png
MCJB01375,http://www.tbcas.jp/ja/lib/lib5/data/MCJB01375/files/assets/flash/pages/page0001_s.png
MCJB01381,http://www.tbcas.jp/ja/lib/lib5/data/MCJB01381/files/assets/flash/pages/page0001_s.png
MCJB01383,http://www.tbcas.jp/ja/lib/lib5/data/MCJB01383/files/assets/flash/pages/page0001_s.png
MCJB01384,http://www.tbcas.jp/ja/lib/lib5/data/MCJB01384/files/assets/flash/pages/page0001_s.png
MCJB01387-HTML,http://www.tbcas.jp/ja/lib/lib5/data/MCJB01387/HTML/files/assets/flash/pages/page0001_s.png
MCJB01390,http://www.tbcas.jp/ja/lib/lib5/data/MCJB01390/files/assets/flash/pages/page0001_s.png
MCJB01392,http://www.tbcas.jp/ja/lib/lib5/data/MCJB01392/files/assets/flash/pages/page0001_s.png
MCJB01399,http://www.tbcas.jp/ja/lib/lib5/data/MCJB01399/files/assets/flash/pages/page0001_s.png
MCJB01424,http://www.tbcas.jp/ja/lib/lib5/data/MCJB01424/files/assets/flash/pages/page0001_s.png
MCJB01427(1),http://www.tbcas.jp/ja/lib/lib5/data/MCJB01427(1)/files/assets/flash/pages/page0001_s.png
MCJB01427(2),http://www.tbcas.jp/ja/lib/lib5/data/MCJB01427(2)/files/assets/flash/pages/page0001_s.png
MCJB01427(3),http://www.tbcas.jp/ja/lib/lib5/data/MCJB01427(3)/files/assets/flash/pages/page0001_s.png
MCJB01427(5),http://www.tbcas.jp/ja/lib/lib5/data/MCJB01427(5)/files/assets/flash/pages/page0001_s.png
MCJB01452(1),http://www.tbcas.jp/ja/lib/lib5/data/MCJB01452(1)/files/assets/flash/pages/page0001_s.png
MCJB01452(2),http://www.tbcas.jp/ja/lib/lib5/data/MCJB01452(2)/files/assets/flash/pages/page0001_s.png
MCJB01452(3),http://www.tbcas.jp/ja/lib/lib5/data/MCJB01452(3)/files/assets/flash/pages/page0001_s.png
MCJB01452(4),http://www.tbcas.jp/ja/lib/lib5/data/MCJB01452(4)/files/assets/flash/pages/page0001_s.png
MCJB01452(5),http://www.tbcas.jp/ja/lib/lib5/data/MCJB01452(5)/files/assets/flash/pages/page0001_s.png
MCJB01452(6),http://www.tbcas.jp/ja/lib/lib5/data/MCJB01452(6)/files/assets/flash/pages/page0001_s.png
MCJB01483,http://www.tbcas.jp/ja/lib/lib5/data/MCJB01483/files/assets/flash/pages/page0001_s.png
MCJB01499,http://www.tbcas.jp/ja/lib/lib5/data/MCJB01499/files/assets/flash/pages/page0001_s.png
MCJB01544,http://www.tbcas.jp/ja/lib/lib5/data/MCJB01544/files/assets/flash/pages/page0001_s.png
MCJB01545,http://www.tbcas.jp/ja/lib/lib5/data/MCJB01545/files/assets/flash/pages/page0001_s.png
MCJB01546,http://www.tbcas.jp/ja/lib/lib5/data/MCJB01546/files/assets/flash/pages/page0001_s.png
MCJB01551,http://www.tbcas.jp/ja/lib/lib5/data/MCJB01551/files/assets/flash/pages/page0001_s.png
MCJB01552,http://www.tbcas.jp/ja/lib/lib5/data/MCJB01552/files/assets/flash/pages/page0001_s.png
MCJB01583,http://www.tbcas.jp/ja/lib/lib5/data/MCJB01583/files/assets/flash/pages/page0001_s.png
MCJB01613,http://www.tbcas.jp/ja/lib/lib5/data/MCJB01613/files/assets/flash/pages/page0001_s.png
MCJB01731,http://www.tbcas.jp/ja/lib/lib5/data/MCJB01731/files/assets/flash/pages/page0001_s.png
MCJB01732,http://www.tbcas.jp/ja/lib/lib5/data/MCJB01732/files/assets/flash/pages/page0001_s.png
MCJB01733,http://www.tbcas.jp/ja/lib/lib5/data/MCJB01733/files/assets/flash/pages/page0001_s.png
MCJB01734,http://www.tbcas.jp/ja/lib/lib5/data/MCJB01734/files/assets/flash/pages/page0001_s.png
MCJB01753,http://www.tbcas.jp/ja/lib/lib5/data/MCJB01753/files/assets/flash/pages/page0001_s.png
MCJB01781,http://www.tbcas.jp/ja/lib/lib5/data/MCJB01781/files/assets/flash/pages/page0001_s.png
MCJB01805,http://www.tbcas.jp/ja/lib/lib5/data/MCJB01805/files/assets/flash/pages/page0001_s.png
MCJB01817,http://www.tbcas.jp/ja/lib/lib5/data/MCJB01817/files/assets/flash/pages/page0001_s.png
MCJB01925,http://www.tbcas.jp/ja/lib/lib5/data/MCJB01925/files/assets/flash/pages/page0001_s.png
MCJB02001,http://www.tbcas.jp/ja/lib/lib5/data/MCJB02001/files/assets/flash/pages/page0001_s.png
MCJB02002,http://www.tbcas.jp/ja/lib/lib5/data/MCJB02002/files/assets/flash/pages/page0001_s.png
MCJB02050,http://www.tbcas.jp/ja/lib/lib5/data/MCJB02050/files/assets/flash/pages/page0001_s.png
MCJB02058,http://www.tbcas.jp/ja/lib/lib5/data/MCJB02058/files/assets/flash/pages/page0001_s.png
MCJB02059,http://www.tbcas.jp/ja/lib/lib5/data/MCJB02059/files/assets/flash/pages/page0001_s.png
MCJB02061,http://www.tbcas.jp/ja/lib/lib5/data/MCJB02061/files/assets/flash/pages/page0001_s.png
MCJB02069,http://www.tbcas.jp/ja/lib/lib5/data/MCJB02069/files/assets/flash/pages/page0001_s.png
MCJB02070,http://www.tbcas.jp/ja/lib/lib5/data/MCJB02070/files/assets/flash/pages/page0001_s.png
MCJB02073-1,http://www.tbcas.jp/ja/lib/lib5/data/MCJB02073-1/files/assets/flash/pages/page0001_s.png
MCJB02073-2,http://www.tbcas.jp/ja/lib/lib5/data/MCJB02073-2/files/assets/flash/pages/page0001_s.png
MCJB02074(1),http://www.tbcas.jp/ja/lib/lib5/data/MCJB02074(1)/files/assets/flash/pages/page0001_s.png
MCJB02074(2),http://www.tbcas.jp/ja/lib/lib5/data/MCJB02074(2)/files/assets/flash/pages/page0001_s.png
MCJB02079,http://www.tbcas.jp/ja/lib/lib5/data/MCJB02079/files/assets/flash/pages/page0001_s.png
MCJB02114,http://www.tbcas.jp/ja/lib/lib5/data/MCJB02114/files/assets/flash/pages/page0001_s.png
MCJB02183,http://www.tbcas.jp/ja/lib/lib5/data/MCJB02183/files/assets/flash/pages/page0001_s.png
MCJB02184,http://www.tbcas.jp/ja/lib/lib5/data/MCJB02184/files/assets/flash/pages/page0001_s.png
MCJB02310,http://www.tbcas.jp/ja/lib/lib5/data/MCJB02310/files/assets/flash/pages/page0001_s.png
MCJB02326,http://www.tbcas.jp/ja/lib/lib5/data/MCJB02326/files/assets/flash/pages/page0001_s.png
MCJB02349,http://www.tbcas.jp/ja/lib/lib5/data/MCJB02349/files/assets/flash/pages/page0001_s.png
MCJB02382,http://www.tbcas.jp/ja/lib/lib5/data/MCJB02382/files/assets/flash/pages/page0001_s.png
MCJB02431-1,http://www.tbcas.jp/ja/lib/lib5/data/MCJB02431-1/files/assets/flash/pages/page0001_s.png
MCJB02431-2,http://www.tbcas.jp/ja/lib/lib5/data/MCJB02431-2/files/assets/flash/pages/page0001_s.png
MCJB02439,http://www.tbcas.jp/ja/lib/lib5/data/MCJB02439/files/assets/flash/pages/page0001_s.png
MCJB02440,http://www.tbcas.jp/ja/lib/lib5/data/MCJB02440/files/assets/flash/pages/page0001_s.png
MCJB02441,http://www.tbcas.jp/ja/lib/lib5/data/MCJB02441/files/assets/flash/pages/page0001_s.png
MCJB02442,http://www.tbcas.jp/ja/lib/lib5/data/MCJB02442/files/assets/flash/pages/page0001_s.png
MCJB02445,http://www.tbcas.jp/ja/lib/lib5/data/MCJB02445/files/assets/flash/pages/page0001_s.png
MCJB02446,http://www.tbcas.jp/ja/lib/lib5/data/MCJB02446/files/assets/flash/pages/page0001_s.png
MCJB02447,http://www.tbcas.jp/ja/lib/lib5/data/MCJB02447/files/assets/flash/pages/page0001_s.png
MCJB02453,http://www.tbcas.jp/ja/lib/lib5/data/MCJB02453/files/assets/flash/pages/page0001_s.png
MCJB02456,http://www.tbcas.jp/ja/lib/lib5/data/MCJB02456/files/assets/flash/pages/page0001_s.png
MCJB02460,http://www.tbcas.jp/ja/lib/lib5/data/MCJB02460/files/assets/flash/pages/page0001_s.png
MCJB02461,http://www.tbcas.jp/ja/lib/lib5/data/MCJB02461/files/assets/flash/pages/page0001_s.png
MCJB02498,http://www.tbcas.jp/ja/lib/lib5/data/MCJB02498/files/assets/flash/pages/page0001_s.png
MCJB02673,http://www.tbcas.jp/ja/lib/lib5/data/MCJB02673/files/assets/flash/pages/page0001_s.png
MCJB02782,http://www.tbcas.jp/ja/lib/lib5/data/MCJB02782/files/assets/flash/pages/page0001_s.png
MCJB02805,http://www.tbcas.jp/ja/lib/lib5/data/MCJB02805/files/assets/flash/pages/page0001_s.png
MCJB02814(1),http://www.tbcas.jp/ja/lib/lib5/data/MCJB02814(1)/files/assets/flash/pages/page0001_s.png
MCJB02814(2),http://www.tbcas.jp/ja/lib/lib5/data/MCJB02814(2)/files/assets/flash/pages/page0001_s.png
MCJB02849,http://www.tbcas.jp/ja/lib/lib5/data/MCJB02849/files/assets/flash/pages/page0001_s.png
MCJB02893,http://www.tbcas.jp/ja/lib/lib5/data/MCJB02893/files/assets/flash/pages/page0001_s.png
MCJB02973,http://www.tbcas.jp/ja/lib/lib5/data/MCJB02973/files/assets/flash/pages/page0001_s.png
MCJB03000,http://www.tbcas.jp/ja/lib/lib5/data/MCJB03000/files/assets/flash/pages/page0001_s.png
MCJB03186(1),http://www.tbcas.jp/ja/lib/lib5/data/MCJB03186(1)/files/assets/flash/pages/page0001_s.png
MCJB03186(2),http://www.tbcas.jp/ja/lib/lib5/data/MCJB03186(2)/files/assets/flash/pages/page0001_s.png
MCJB03278,http://www.tbcas.jp/ja/lib/lib5/data/MCJB03278/files/assets/flash/pages/page0001_s.png
MCJB03282,http://www.tbcas.jp/ja/lib/lib5/data/MCJB03282/files/assets/flash/pages/page0001_s.png
MCJB03283,http://www.tbcas.jp/ja/lib/lib5/data/MCJB03283/files/assets/flash/pages/page0001_s.png
MCJB03288,http://www.tbcas.jp/ja/lib/lib5/data/MCJB03288/files/assets/flash/pages/page0001_s.png
MCJB03298,http://www.tbcas.jp/ja/lib/lib5/data/MCJB03298/files/assets/flash/pages/page0001_s.png
MCJB03324,http://www.tbcas.jp/ja/lib/lib5/data/MCJB03324/files/assets/flash/pages/page0001_s.png
MCJB03434,http://www.tbcas.jp/ja/lib/lib5/data/MCJB03434/files/assets/flash/pages/page0001_s.png
MCJB03454(1),http://www.tbcas.jp/ja/lib/lib5/data/MCJB03454(1)/files/assets/flash/pages/page0001_s.png
MCJB03454(2),http://www.tbcas.jp/ja/lib/lib5/data/MCJB03454(2)/files/assets/flash/pages/page0001_s.png
MCJB03456,http://www.tbcas.jp/ja/lib/lib5/data/MCJB03456/files/assets/flash/pages/page0001_s.png
MCJB03499,http://www.tbcas.jp/ja/lib/lib5/data/MCJB03499/files/assets/flash/pages/page0001_s.png
MCJB03501,http://www.tbcas.jp/ja/lib/lib5/data/MCJB03501/files/assets/flash/pages/page0001_s.png
MCJB03509,http://www.tbcas.jp/ja/lib/lib5/data/MCJB03509/files/assets/flash/pages/page0001_s.png
MCJB03530,http://www.tbcas.jp/ja/lib/lib5/data/MCJB03530/files/assets/flash/pages/page0001_s.png
MCJB03533,http://www.tbcas.jp/ja/lib/lib5/data/MCJB03533/files/assets/flash/pages/page0001_s.png
MCJB03557,http://www.tbcas.jp/ja/lib/lib5/data/MCJB03557/files/assets/flash/pages/page0001_s.png
MCJB03574,http://www.tbcas.jp/ja/lib/lib5/data/MCJB03574/files/assets/flash/pages/page0001_s.png
MCJB03628,http://www.tbcas.jp/ja/lib/lib5/data/MCJB03628/files/assets/flash/pages/page0001_s.png
MCJB03654,http://www.tbcas.jp/ja/lib/lib5/data/MCJB03654/files/assets/flash/pages/page0001_s.png
MCJB03656,http://www.tbcas.jp/ja/lib/lib5/data/MCJB03656/files/assets/flash/pages/page0001_s.png
MCJB03674,http://www.tbcas.jp/ja/lib/lib5/data/MCJB03674/files/assets/flash/pages/page0001_s.png
MCJB03777,http://www.tbcas.jp/ja/lib/lib5/data/MCJB03777/files/assets/flash/pages/page0001_s.png
MCJB03781,http://www.tbcas.jp/ja/lib/lib5/data/MCJB03781/files/assets/flash/pages/page0001_s.png
MCJB03784,http://www.tbcas.jp/ja/lib/lib5/data/MCJB03784/files/assets/flash/pages/page0001_s.png
MCJB03789,http://www.tbcas.jp/ja/lib/lib5/data/MCJB03789/files/assets/flash/pages/page0001_s.png
MCJB03824,http://www.tbcas.jp/ja/lib/lib5/data/MCJB03824/files/assets/flash/pages/page0001_s.png
MCJB03912,http://www.tbcas.jp/ja/lib/lib5/data/MCJB03912/files/assets/flash/pages/page0001_s.png
MCJB03963,http://www.tbcas.jp/ja/lib/lib5/data/MCJB03963/files/assets/flash/pages/page0001_s.png
MCJB03989,http://www.tbcas.jp/ja/lib/lib5/data/MCJB03989/files/assets/flash/pages/page0001_s.png
MCJB03993,http://www.tbcas.jp/ja/lib/lib5/data/MCJB03993/files/assets/flash/pages/page0001_s.png
MCJB04035,http://www.tbcas.jp/ja/lib/lib5/data/MCJB04035/files/assets/flash/pages/page0001_s.png
MCJB04041,http://www.tbcas.jp/ja/lib/lib5/data/MCJB04041/files/assets/flash/pages/page0001_s.png
MCJB04054,http://www.tbcas.jp/ja/lib/lib5/data/MCJB04054/files/assets/flash/pages/page0001_s.png
MCJB04129,http://www.tbcas.jp/ja/lib/lib5/data/MCJB04129/files/assets/flash/pages/page0001_s.png
MCJB04156,http://www.tbcas.jp/ja/lib/lib5/data/MCJB04156/files/assets/flash/pages/page0001_s.png
MCJB04183,http://www.tbcas.jp/ja/lib/lib5/data/MCJB04183/files/assets/flash/pages/page0001_s.png
MCJB04185,http://www.tbcas.jp/ja/lib/lib5/data/MCJB04185/files/assets/flash/pages/page0001_s.png
MCJB04188,http://www.tbcas.jp/ja/lib/lib5/data/MCJB04188/files/assets/flash/pages/page0001_s.png
MCJB04190,http://www.tbcas.jp/ja/lib/lib5/data/MCJB04190/files/assets/flash/pages/page0001_s.png
MCJB04191,http://www.tbcas.jp/ja/lib/lib5/data/MCJB04191/files/assets/flash/pages/page0001_s.png
MCJB04193,http://www.tbcas.jp/ja/lib/lib5/data/MCJB04193/files/assets/flash/pages/page0001_s.png
MCJB04194,http://www.tbcas.jp/ja/lib/lib5/data/MCJB04194/files/assets/flash/pages/page0001_s.png
MCJB04199,http://www.tbcas.jp/ja/lib/lib5/data/MCJB04199/files/assets/flash/pages/page0001_s.png
MCJB04201,http://www.tbcas.jp/ja/lib/lib5/data/MCJB04201/files/assets/flash/pages/page0001_s.png
MCJB04203,http://www.tbcas.jp/ja/lib/lib5/data/MCJB04203/files/assets/flash/pages/page0001_s.png
MCJB04260,http://www.tbcas.jp/ja/lib/lib5/data/MCJB04260/files/assets/flash/pages/page0001_s.png
MCJB04301,http://www.tbcas.jp/ja/lib/lib5/data/MCJB04301/files/assets/flash/pages/page0001_s.png
MCJB04323,http://www.tbcas.jp/ja/lib/lib5/data/MCJB04323/files/assets/flash/pages/page0001_s.png
MCJB04332,http://www.tbcas.jp/ja/lib/lib5/data/MCJB04332/files/assets/flash/pages/page0001_s.png
MCJB04338,http://www.tbcas.jp/ja/lib/lib5/data/MCJB04338/files/assets/flash/pages/page0001_s.png
MCJB04341,http://www.tbcas.jp/ja/lib/lib5/data/MCJB04341/files/assets/flash/pages/page0001_s.png
MCJB04358,http://www.tbcas.jp/ja/lib/lib5/data/MCJB04358/files/assets/flash/pages/page0001_s.png
MCJB04360,http://www.tbcas.jp/ja/lib/lib5/data/MCJB04360/files/assets/flash/pages/page0001_s.png
MCJB04385,http://www.tbcas.jp/ja/lib/lib5/data/MCJB04385/files/assets/flash/pages/page0001_s.png
MCJB04403,http://www.tbcas.jp/ja/lib/lib5/data/MCJB04403/files/assets/flash/pages/page0001_s.png
MCJB04426,http://www.tbcas.jp/ja/lib/lib5/data/MCJB04426/files/assets/flash/pages/page0001_s.png
MCJB04437,http://www.tbcas.jp/ja/lib/lib5/data/MCJB04437/files/assets/flash/pages/page0001_s.png
MCJB04439,http://www.tbcas.jp/ja/lib/lib5/data/MCJB04439/files/assets/flash/pages/page0001_s.png
MCJB04441,http://www.tbcas.jp/ja/lib/lib5/data/MCJB04441/files/assets/flash/pages/page0001_s.png
MCJB04442,http://www.tbcas.jp/ja/lib/lib5/data/MCJB04442/files/assets/flash/pages/page0001_s.png
MCJB04443,http://www.tbcas.jp/ja/lib/lib5/data/MCJB04443/files/assets/flash/pages/page0001_s.png
MCJB04449,http://www.tbcas.jp/ja/lib/lib5/data/MCJB04449/files/assets/flash/pages/page0001_s.png
MCJB04450,http://www.tbcas.jp/ja/lib/lib5/data/MCJB04450/files/assets/flash/pages/page0001_s.png
MCJB04454,http://www.tbcas.jp/ja/lib/lib5/data/MCJB04454/files/assets/flash/pages/page0001_s.png
MCJB04558,http://www.tbcas.jp/ja/lib/lib5/data/MCJB04558/files/assets/flash/pages/page0001_s.png
MCJB04578,http://www.tbcas.jp/ja/lib/lib5/data/MCJB04578/files/assets/flash/pages/page0001_s.png
MCJB04594,http://www.tbcas.jp/ja/lib/lib5/data/MCJB04594/files/assets/flash/pages/page0001_s.png
MCJB04617,http://www.tbcas.jp/ja/lib/lib5/data/MCJB04617/files/assets/flash/pages/page0001_s.png
MCJB04619,http://www.tbcas.jp/ja/lib/lib5/data/MCJB04619/files/assets/flash/pages/page0001_s.png
MCJB04625,http://www.tbcas.jp/ja/lib/lib5/data/MCJB04625/files/assets/flash/pages/page0001_s.png
MCJB04631(1),http://www.tbcas.jp/ja/lib/lib5/data/MCJB04631(1)/files/assets/flash/pages/page0001_s.png
MCJB04631(2),http://www.tbcas.jp/ja/lib/lib5/data/MCJB04631(2)/files/assets/flash/pages/page0001_s.png
MCJB04641,http://www.tbcas.jp/ja/lib/lib5/data/MCJB04641/files/assets/flash/pages/page0001_s.png
MCJB04680,http://www.tbcas.jp/ja/lib/lib5/data/MCJB04680/files/assets/flash/pages/page0001_s.png
MCJB04684,http://www.tbcas.jp/ja/lib/lib5/data/MCJB04684/files/assets/flash/pages/page0001_s.png
MCJB04804(1),http://www.tbcas.jp/ja/lib/lib5/data/MCJB04804(1)/files/assets/flash/pages/page0001_s.png
MCJB04804(2),http://www.tbcas.jp/ja/lib/lib5/data/MCJB04804(2)/files/assets/flash/pages/page0001_s.png
MCJB04804(3),http://www.tbcas.jp/ja/lib/lib5/data/MCJB04804(3)/files/assets/flash/pages/page0001_s.png
MCJB04804(4),http://www.tbcas.jp/ja/lib/lib5/data/MCJB04804(4)/files/assets/flash/pages/page0001_s.png
MCJB04804(5),http://www.tbcas.jp/ja/lib/lib5/data/MCJB04804(5)/files/assets/flash/pages/page0001_s.png
MCJB04804(6),http://www.tbcas.jp/ja/lib/lib5/data/MCJB04804(6)/files/assets/flash/pages/page0001_s.png
MCJB04804(7),http://www.tbcas.jp/ja/lib/lib5/data/MCJB04804(7)/files/assets/flash/pages/page0001_s.png
MCJB04819,http://www.tbcas.jp/ja/lib/lib5/data/MCJB04819/files/assets/flash/pages/page0001_s.png
MCJB04910,http://www.tbcas.jp/ja/lib/lib5/data/MCJB04910/files/assets/flash/pages/page0001_s.png
MCJB04921,http://www.tbcas.jp/ja/lib/lib5/data/MCJB04921/files/assets/flash/pages/page0001_s.png
MCJB04932,http://www.tbcas.jp/ja/lib/lib5/data/MCJB04932/files/assets/flash/pages/page0001_s.png
MCJB04936,http://www.tbcas.jp/ja/lib/lib5/data/MCJB04936/files/assets/flash/pages/page0001_s.png
MCJB04940,http://www.tbcas.jp/ja/lib/lib5/data/MCJB04940/files/assets/flash/pages/page0001_s.png
MCJB04988,http://www.tbcas.jp/ja/lib/lib5/data/MCJB04988/files/assets/flash/pages/page0001_s.png
MCJB05032,http://www.tbcas.jp/ja/lib/lib5/data/MCJB05032/files/assets/flash/pages/page0001_s.png
MCJB05037,http://www.tbcas.jp/ja/lib/lib5/data/MCJB05037/files/assets/flash/pages/page0001_s.png
MCJB05043,http://www.tbcas.jp/ja/lib/lib5/data/MCJB05043/files/assets/flash/pages/page0001_s.png
MCJB05056(1),http://www.tbcas.jp/ja/lib/lib5/data/MCJB05056(1)/files/assets/flash/pages/page0001_s.png
MCJB05056(2),http://www.tbcas.jp/ja/lib/lib5/data/MCJB05056(2)/files/assets/flash/pages/page0001_s.png
MCJB05056(3),http://www.tbcas.jp/ja/lib/lib5/data/MCJB05056(3)/files/assets/flash/pages/page0001_s.png
MCJB05056(4),http://www.tbcas.jp/ja/lib/lib5/data/MCJB05056(4)/files/assets/flash/pages/page0001_s.png
MCJB05056(5),http://www.tbcas.jp/ja/lib/lib5/data/MCJB05056(5)/files/assets/flash/pages/page0001_s.png
MCJB05056(6),http://www.tbcas.jp/ja/lib/lib5/data/MCJB05056(6)/files/assets/flash/pages/page0001_s.png
MCJB05056(7),http://www.tbcas.jp/ja/lib/lib5/data/MCJB05056(7)/files/assets/flash/pages/page0001_s.png
MCJB05056(8),http://www.tbcas.jp/ja/lib/lib5/data/MCJB05056(8)/files/assets/flash/pages/page0001_s.png
MCJB05087,http://www.tbcas.jp/ja/lib/lib5/data/MCJB05087/files/assets/flash/pages/page0001_s.png
MCJB05103,http://www.tbcas.jp/ja/lib/lib5/data/MCJB05103/files/assets/flash/pages/page0001_s.png
MCJB05108,http://www.tbcas.jp/ja/lib/lib5/data/MCJB05108/files/assets/flash/pages/page0001_s.png
MCJB05142,http://www.tbcas.jp/ja/lib/lib5/data/MCJB05142/files/assets/flash/pages/page0001_s.png
MCJB05198,http://www.tbcas.jp/ja/lib/lib5/data/MCJB05198/files/assets/flash/pages/page0001_s.png
MCJB05220,http://www.tbcas.jp/ja/lib/lib5/data/MCJB05220/files/assets/flash/pages/page0001_s.png
MCJB05269,http://www.tbcas.jp/ja/lib/lib5/data/MCJB05269/files/assets/flash/pages/page0001_s.png
MCJB05292,http://www.tbcas.jp/ja/lib/lib5/data/MCJB05292/files/assets/flash/pages/page0001_s.png
MCJB05322(1),http://www.tbcas.jp/ja/lib/lib5/data/MCJB05322(1)/files/assets/flash/pages/page0001_s.png
MCJB05322(2),http://www.tbcas.jp/ja/lib/lib5/data/MCJB05322(2)/files/assets/flash/pages/page0001_s.png
MCJB05322(3),http://www.tbcas.jp/ja/lib/lib5/data/MCJB05322(3)/files/assets/flash/pages/page0001_s.png
MCJB05322(4),http://www.tbcas.jp/ja/lib/lib5/data/MCJB05322(4)/files/assets/flash/pages/page0001_s.png
MCJB05322(5),http://www.tbcas.jp/ja/lib/lib5/data/MCJB05322(5)/files/assets/flash/pages/page0001_s.png
MCJB05353,http://www.tbcas.jp/ja/lib/lib5/data/MCJB05353/files/assets/flash/pages/page0001_s.png
MCJB05399,http://www.tbcas.jp/ja/lib/lib5/data/MCJB05399/files/assets/flash/pages/page0001_s.png
MCJB05441,http://www.tbcas.jp/ja/lib/lib5/data/MCJB05441/files/assets/flash/pages/page0001_s.png
MCJB05512,http://www.tbcas.jp/ja/lib/lib5/data/MCJB05512/files/assets/flash/pages/page0001_s.png
MCJB05558,http://www.tbcas.jp/ja/lib/lib5/data/MCJB05558/files/assets/flash/pages/page0001_s.png
MCJB05560,http://www.tbcas.jp/ja/lib/lib5/data/MCJB05560/files/assets/flash/pages/page0001_s.png
MCJB05564,http://www.tbcas.jp/ja/lib/lib5/data/MCJB05564/files/assets/flash/pages/page0001_s.png
MCJB05582,http://www.tbcas.jp/ja/lib/lib5/data/MCJB05582/files/assets/flash/pages/page0001_s.png
MCJB05592,http://www.tbcas.jp/ja/lib/lib5/data/MCJB05592/files/assets/flash/pages/page0001_s.png
MCJB05600,http://www.tbcas.jp/ja/lib/lib5/data/MCJB05600/files/assets/flash/pages/page0001_s.png
MCJB05611(1),http://www.tbcas.jp/ja/lib/lib5/data/MCJB05611(1)/files/assets/flash/pages/page0001_s.png
MCJB05611(2),http://www.tbcas.jp/ja/lib/lib5/data/MCJB05611(2)/files/assets/flash/pages/page0001_s.png
MCJB05611(3),http://www.tbcas.jp/ja/lib/lib5/data/MCJB05611(3)/files/assets/flash/pages/page0001_s.png
MCJB05655,http://www.tbcas.jp/ja/lib/lib5/data/MCJB05655/files/assets/flash/pages/page0001_s.png
MCJB05656(1),http://www.tbcas.jp/ja/lib/lib5/data/MCJB05656(1)/files/assets/flash/pages/page0001_s.png
MCJB05656(2),http://www.tbcas.jp/ja/lib/lib5/data/MCJB05656(2)/files/assets/flash/pages/page0001_s.png
MCJB05679,http://www.tbcas.jp/ja/lib/lib5/data/MCJB05679/files/assets/flash/pages/page0001_s.png
MCJB05695,http://www.tbcas.jp/ja/lib/lib5/data/MCJB05695/files/assets/flash/pages/page0001_s.png
MCJB05797,http://www.tbcas.jp/ja/lib/lib5/data/MCJB05797/files/assets/flash/pages/page0001_s.png
MCJB05798,http://www.tbcas.jp/ja/lib/lib5/data/MCJB05798/files/assets/flash/pages/page0001_s.png
MCJB05830,http://www.tbcas.jp/ja/lib/lib5/data/MCJB05830/files/assets/flash/pages/page0001_s.png
MCJB05840,http://www.tbcas.jp/ja/lib/lib5/data/MCJB05840/files/assets/flash/pages/page0001_s.png
MCJB05846,http://www.tbcas.jp/ja/lib/lib5/data/MCJB05846/files/assets/flash/pages/page0001_s.png
MCJB05847,http://www.tbcas.jp/ja/lib/lib5/data/MCJB05847/files/assets/flash/pages/page0001_s.png
MCJB05848,http://www.tbcas.jp/ja/lib/lib5/data/MCJB05848/files/assets/flash/pages/page0001_s.png
MCJB05851,http://www.tbcas.jp/ja/lib/lib5/data/MCJB05851/files/assets/flash/pages/page0001_s.png
MCJB05887,http://www.tbcas.jp/ja/lib/lib5/data/MCJB05887/files/assets/flash/pages/page0001_s.png
MCJB06012,http://www.tbcas.jp/ja/lib/lib5/data/MCJB06012/files/assets/flash/pages/page0001_s.png
MCJB06021,http://www.tbcas.jp/ja/lib/lib5/data/MCJB06021/files/assets/flash/pages/page0001_s.png
MCJB06080-HTML,http://www.tbcas.jp/ja/lib/lib5/data/MCJB06080/HTML/files/assets/flash/pages/page0001_s.png
MCJB06082,http://www.tbcas.jp/ja/lib/lib5/data/MCJB06082/files/assets/flash/pages/page0001_s.png
MCJB06089,http://www.tbcas.jp/ja/lib/lib5/data/MCJB06089/files/assets/flash/pages/page0001_s.png
MCJB06102,http://www.tbcas.jp/ja/lib/lib5/data/MCJB06102/files/assets/flash/pages/page0001_s.png
MCJB06106,http://www.tbcas.jp/ja/lib/lib5/data/MCJB06106/files/assets/flash/pages/page0001_s.png
MCJB06107(2),http://www.tbcas.jp/ja/lib/lib5/data/MCJB06107(2)/files/assets/flash/pages/page0001_s.png
MCJB06113,http://www.tbcas.jp/ja/lib/lib5/data/MCJB06113/files/assets/flash/pages/page0001_s.png
MCJB06129,http://www.tbcas.jp/ja/lib/lib5/data/MCJB06129/files/assets/flash/pages/page0001_s.png
MCJB06131,http://www.tbcas.jp/ja/lib/lib5/data/MCJB06131/files/assets/flash/pages/page0001_s.png
MCJB06132,http://www.tbcas.jp/ja/lib/lib5/data/MCJB06132/files/assets/flash/pages/page0001_s.png
MCJB06135(2),http://www.tbcas.jp/ja/lib/lib5/data/MCJB06135(2)/files/assets/flash/pages/page0001_s.png
MCJB06138-HTML,http://www.tbcas.jp/ja/lib/lib5/data/MCJB06138/HTML/files/assets/flash/pages/page0001_s.png
MCJB06140,http://www.tbcas.jp/ja/lib/lib5/data/MCJB06140/files/assets/flash/pages/page0001_s.png
MCJB06150,http://www.tbcas.jp/ja/lib/lib5/data/MCJB06150/files/assets/flash/pages/page0001_s.png
MCJB06187,http://www.tbcas.jp/ja/lib/lib5/data/MCJB06187/files/assets/flash/pages/page0001_s.png
MCJB06191,http://www.tbcas.jp/ja/lib/lib5/data/MCJB06191/files/assets/flash/pages/page0001_s.png
MCJB06198(1),http://www.tbcas.jp/ja/lib/lib5/data/MCJB06198(1)/files/assets/flash/pages/page0001_s.png
MCJB06198(2),http://www.tbcas.jp/ja/lib/lib5/data/MCJB06198(2)/files/assets/flash/pages/page0001_s.png
MCJB06198(3),http://www.tbcas.jp/ja/lib/lib5/data/MCJB06198(3)/files/assets/flash/pages/page0001_s.png
MCJB06198(4),http://www.tbcas.jp/ja/lib/lib5/data/MCJB06198(4)/files/assets/flash/pages/page0001_s.png
MCJB06198(5),http://www.tbcas.jp/ja/lib/lib5/data/MCJB06198(5)/files/assets/flash/pages/page0001_s.png
MCJB06202,http://www.tbcas.jp/ja/lib/lib5/data/MCJB06202/files/assets/flash/pages/page0001_s.png
MCJB06203,http://www.tbcas.jp/ja/lib/lib5/data/MCJB06203/files/assets/flash/pages/page0001_s.png
MCJB06204,http://www.tbcas.jp/ja/lib/lib5/data/MCJB06204/files/assets/flash/pages/page0001_s.png
MCJB06205,http://www.tbcas.jp/ja/lib/lib5/data/MCJB06205/files/assets/flash/pages/page0001_s.png
MCJB06208,http://www.tbcas.jp/ja/lib/lib5/data/MCJB06208/files/assets/flash/pages/page0001_s.png
MCJB06209,http://www.tbcas.jp/ja/lib/lib5/data/MCJB06209/files/assets/flash/pages/page0001_s.png
MCJB06222,http://www.tbcas.jp/ja/lib/lib5/data/MCJB06222/files/assets/flash/pages/page0001_s.png
MCJB06224,http://www.tbcas.jp/ja/lib/lib5/data/MCJB06224/files/assets/flash/pages/page0001_s.png
MCJB06225,http://www.tbcas.jp/ja/lib/lib5/data/MCJB06225/files/assets/flash/pages/page0001_s.png
MCJB06243,http://www.tbcas.jp/ja/lib/lib5/data/MCJB06243/files/assets/flash/pages/page0001_s.png
MCJB06251,http://www.tbcas.jp/ja/lib/lib5/data/MCJB06251/files/assets/flash/pages/page0001_s.png
MCJB06306,http://www.tbcas.jp/ja/lib/lib5/data/MCJB06306/files/assets/flash/pages/page0001_s.png
MCJB06307,http://www.tbcas.jp/ja/lib/lib5/data/MCJB06307/files/assets/flash/pages/page0001_s.png
MCJB06309,http://www.tbcas.jp/ja/lib/lib5/data/MCJB06309/files/assets/flash/pages/page0001_s.png
MCJB06319,http://www.tbcas.jp/ja/lib/lib5/data/MCJB06319/files/assets/flash/pages/page0001_s.png
MCJB06322,http://www.tbcas.jp/ja/lib/lib5/data/MCJB06322/files/assets/flash/pages/page0001_s.png
MCJB06324,http://www.tbcas.jp/ja/lib/lib5/data/MCJB06324/files/assets/flash/pages/page0001_s.png
MCJB06325(1),http://www.tbcas.jp/ja/lib/lib5/data/MCJB06325(1)/files/assets/flash/pages/page0001_s.png
MCJB06325(2),http://www.tbcas.jp/ja/lib/lib5/data/MCJB06325(2)/files/assets/flash/pages/page0001_s.png
MCJB06327,http://www.tbcas.jp/ja/lib/lib5/data/MCJB06327/files/assets/flash/pages/page0001_s.png
MCJB06329,http://www.tbcas.jp/ja/lib/lib5/data/MCJB06329/files/assets/flash/pages/page0001_s.png
MCJB06331,http://www.tbcas.jp/ja/lib/lib5/data/MCJB06331/files/assets/flash/pages/page0001_s.png
MCJB06336,http://www.tbcas.jp/ja/lib/lib5/data/MCJB06336/files/assets/flash/pages/page0001_s.png
MCJB06337,http://www.tbcas.jp/ja/lib/lib5/data/MCJB06337/files/assets/flash/pages/page0001_s.png
MCJB06360,http://www.tbcas.jp/ja/lib/lib5/data/MCJB06360/files/assets/flash/pages/page0001_s.png
MCJB06361,http://www.tbcas.jp/ja/lib/lib5/data/MCJB06361/files/assets/flash/pages/page0001_s.png
MCJB06363-HTML,http://www.tbcas.jp/ja/lib/lib5/data/MCJB06363/HTML/files/assets/flash/pages/page0001_s.png
MCJB06366,http://www.tbcas.jp/ja/lib/lib5/data/MCJB06366/files/assets/flash/pages/page0001_s.png
MCJB06369,http://www.tbcas.jp/ja/lib/lib5/data/MCJB06369/files/assets/flash/pages/page0001_s.png
MCJB06378,http://www.tbcas.jp/ja/lib/lib5/data/MCJB06378/files/assets/flash/pages/page0001_s.png
MCJB06385,http://www.tbcas.jp/ja/lib/lib5/data/MCJB06385/files/assets/flash/pages/page0001_s.png
MCJB06386,http://www.tbcas.jp/ja/lib/lib5/data/MCJB06386/files/assets/flash/pages/page0001_s.png
MCJB06387,http://www.tbcas.jp/ja/lib/lib5/data/MCJB06387/files/assets/flash/pages/page0001_s.png
MCJB06392,http://www.tbcas.jp/ja/lib/lib5/data/MCJB06392/files/assets/flash/pages/page0001_s.png
MCJB06404,http://www.tbcas.jp/ja/lib/lib5/data/MCJB06404/files/assets/flash/pages/page0001_s.png
MCJB06405-2-HTML,http://www.tbcas.jp/ja/lib/lib5/data/MCJB06405-2/HTML/files/assets/flash/pages/page0001_s.png
MCJB06407-HTML,http://www.tbcas.jp/ja/lib/lib5/data/MCJB06407/HTML/files/assets/flash/pages/page0001_s.png
MCJB06408,http://www.tbcas.jp/ja/lib/lib5/data/MCJB06408/files/assets/flash/pages/page0001_s.png
MCJB06412,http://www.tbcas.jp/ja/lib/lib5/data/MCJB06412/files/assets/flash/pages/page0001_s.png
MCJB06416,http://www.tbcas.jp/ja/lib/lib5/data/MCJB06416/files/assets/flash/pages/page0001_s.png
MCJB06417,http://www.tbcas.jp/ja/lib/lib5/data/MCJB06417/files/assets/flash/pages/page0001_s.png
MCJB06419,http://www.tbcas.jp/ja/lib/lib5/data/MCJB06419/files/assets/flash/pages/page0001_s.png
MCJB06422,http://www.tbcas.jp/ja/lib/lib5/data/MCJB06422/files/assets/flash/pages/page0001_s.png
MCJB06423,http://www.tbcas.jp/ja/lib/lib5/data/MCJB06423/files/assets/flash/pages/page0001_s.png
MCJB06424,http://www.tbcas.jp/ja/lib/lib5/data/MCJB06424/files/assets/flash/pages/page0001_s.png
MCJB06434,http://www.tbcas.jp/ja/lib/lib5/data/MCJB06434/files/assets/flash/pages/page0001_s.png
MCJB06435,http://www.tbcas.jp/ja/lib/lib5/data/MCJB06435/files/assets/flash/pages/page0001_s.png
MCJB06438,http://www.tbcas.jp/ja/lib/lib5/data/MCJB06438/files/assets/flash/pages/page0001_s.png
MCJB06441,http://www.tbcas.jp/ja/lib/lib5/data/MCJB06441/files/assets/flash/pages/page0001_s.png
MCJB06442,http://www.tbcas.jp/ja/lib/lib5/data/MCJB06442/files/assets/flash/pages/page0001_s.png
MCJB06444,http://www.tbcas.jp/ja/lib/lib5/data/MCJB06444/files/assets/flash/pages/page0001_s.png
MCJB06447,http://www.tbcas.jp/ja/lib/lib5/data/MCJB06447/files/assets/flash/pages/page0001_s.png
MCJB06448,http://www.tbcas.jp/ja/lib/lib5/data/MCJB06448/files/assets/flash/pages/page0001_s.png
MCJB06452,http://www.tbcas.jp/ja/lib/lib5/data/MCJB06452/files/assets/flash/pages/page0001_s.png
MCJB06453,http://www.tbcas.jp/ja/lib/lib5/data/MCJB06453/files/assets/flash/pages/page0001_s.png
MCJB06457,http://www.tbcas.jp/ja/lib/lib5/data/MCJB06457/files/assets/flash/pages/page0001_s.png
MCJB06459,http://www.tbcas.jp/ja/lib/lib5/data/MCJB06459/files/assets/flash/pages/page0001_s.png
MCJB06464-1,http://www.tbcas.jp/ja/lib/lib5/data/MCJB06464-1/files/assets/flash/pages/page0001_s.png
MCJB06464-2,http://www.tbcas.jp/ja/lib/lib5/data/MCJB06464-2/files/assets/flash/pages/page0001_s.png
MCJB06464-3,http://www.tbcas.jp/ja/lib/lib5/data/MCJB06464-3/files/assets/flash/pages/page0001_s.png
MCJB06465(2),http://www.tbcas.jp/ja/lib/lib5/data/MCJB06465(2)/files/assets/flash/pages/page0001_s.png
MCJB06472,http://www.tbcas.jp/ja/lib/lib5/data/MCJB06472/files/assets/flash/pages/page0001_s.png
MCJB06475,http://www.tbcas.jp/ja/lib/lib5/data/MCJB06475/files/assets/flash/pages/page0001_s.png
MCJB06476,http://www.tbcas.jp/ja/lib/lib5/data/MCJB06476/files/assets/flash/pages/page0001_s.png
MCJB06477,http://www.tbcas.jp/ja/lib/lib5/data/MCJB06477/files/assets/flash/pages/page0001_s.png
MCJB06480,http://www.tbcas.jp/ja/lib/lib5/data/MCJB06480/files/assets/flash/pages/page0001_s.png
MCJB06481,http://www.tbcas.jp/ja/lib/lib5/data/MCJB06481/files/assets/flash/pages/page0001_s.png
MCJB06482,http://www.tbcas.jp/ja/lib/lib5/data/MCJB06482/files/assets/flash/pages/page0001_s.png
MCJB06484,http://www.tbcas.jp/ja/lib/lib5/data/MCJB06484/files/assets/flash/pages/page0001_s.png
MCJB06485,http://www.tbcas.jp/ja/lib/lib5/data/MCJB06485/files/assets/flash/pages/page0001_s.png
MCJB06486,http://www.tbcas.jp/ja/lib/lib5/data/MCJB06486/files/assets/flash/pages/page0001_s.png
MCJB06487,http://www.tbcas.jp/ja/lib/lib5/data/MCJB06487/files/assets/flash/pages/page0001_s.png
MCJB06488,http://www.tbcas.jp/ja/lib/lib5/data/MCJB06488/files/assets/flash/pages/page0001_s.png
MCJB06489,http://www.tbcas.jp/ja/lib/lib5/data/MCJB06489/files/assets/flash/pages/page0001_s.png
MCJB06490,http://www.tbcas.jp/ja/lib/lib5/data/MCJB06490/files/assets/flash/pages/page0001_s.png
MCJB06491(1),http://www.tbcas.jp/ja/lib/lib5/data/MCJB06491(1)/files/assets/flash/pages/page0001_s.png
MCJB06491(2),http://www.tbcas.jp/ja/lib/lib5/data/MCJB06491(2)/files/assets/flash/pages/page0001_s.png
MCJB06491(3),http://www.tbcas.jp/ja/lib/lib5/data/MCJB06491(3)/files/assets/flash/pages/page0001_s.png
MCJB06492,http://www.tbcas.jp/ja/lib/lib5/data/MCJB06492/files/assets/flash/pages/page0001_s.png
MCJB06493,http://www.tbcas.jp/ja/lib/lib5/data/MCJB06493/files/assets/flash/pages/page0001_s.png
MCJB06494,http://www.tbcas.jp/ja/lib/lib5/data/MCJB06494/files/assets/flash/pages/page0001_s.png
MCJB06495,http://www.tbcas.jp/ja/lib/lib5/data/MCJB06495/files/assets/flash/pages/page0001_s.png
MCJB06496(1),http://www.tbcas.jp/ja/lib/lib5/data/MCJB06496(1)/files/assets/flash/pages/page0001_s.png
MCJB06496(2),http://www.tbcas.jp/ja/lib/lib5/data/MCJB06496(2)/files/assets/flash/pages/page0001_s.png
MCJB06497,http://www.tbcas.jp/ja/lib/lib5/data/MCJB06497/files/assets/flash/pages/page0001_s.png
MCJB06498,http://www.tbcas.jp/ja/lib/lib5/data/MCJB06498/files/assets/flash/pages/page0001_s.png
MCJB06499(1),http://www.tbcas.jp/ja/lib/lib5/data/MCJB06499(1)/files/assets/flash/pages/page0001_s.png
MCJB06499(2),http://www.tbcas.jp/ja/lib/lib5/data/MCJB06499(2)/files/assets/flash/pages/page0001_s.png
MCJB06500(1),http://www.tbcas.jp/ja/lib/lib5/data/MCJB06500(1)/files/assets/flash/pages/page0001_s.png
MCJB06500(2),http://www.tbcas.jp/ja/lib/lib5/data/MCJB06500(2)/files/assets/flash/pages/page0001_s.png
MCJB06500(3),http://www.tbcas.jp/ja/lib/lib5/data/MCJB06500(3)/files/assets/flash/pages/page0001_s.png
MCJB06500(4),http://www.tbcas.jp/ja/lib/lib5/data/MCJB06500(4)/files/assets/flash/pages/page0001_s.png
MCJB06500(5),http://www.tbcas.jp/ja/lib/lib5/data/MCJB06500(5)/files/assets/flash/pages/page0001_s.png
MCJB06501,http://www.tbcas.jp/ja/lib/lib5/data/MCJB06501/files/assets/flash/pages/page0001_s.png
MCJB06502,http://www.tbcas.jp/ja/lib/lib5/data/MCJB06502/files/assets/flash/pages/page0001_s.png
MCJB06503,http://www.tbcas.jp/ja/lib/lib5/data/MCJB06503/files/assets/flash/pages/page0001_s.png
MCJB06507,http://www.tbcas.jp/ja/lib/lib5/data/MCJB06507/files/assets/flash/pages/page0001_s.png
MCJB06514,http://www.tbcas.jp/ja/lib/lib5/data/MCJB06514/files/assets/flash/pages/page0001_s.png
MCJB06716,http://www.tbcas.jp/ja/lib/lib5/data/MCJB06716/files/assets/flash/pages/page0001_s.png
MCJB06718,http://www.tbcas.jp/ja/lib/lib5/data/MCJB06718/files/assets/flash/pages/page0001_s.png
MCJB06719,http://www.tbcas.jp/ja/lib/lib5/data/MCJB06719/files/assets/flash/pages/page0001_s.png
MCJB06720,http://www.tbcas.jp/ja/lib/lib5/data/MCJB06720/files/assets/flash/pages/page0001_s.png
MCJB06723,http://www.tbcas.jp/ja/lib/lib5/data/MCJB06723/files/assets/flash/pages/page0001_s.png
MCJB06724,http://www.tbcas.jp/ja/lib/lib5/data/MCJB06724/files/assets/flash/pages/page0001_s.png
MCJB06727,http://www.tbcas.jp/ja/lib/lib5/data/MCJB06727/files/assets/flash/pages/page0001_s.png
MCJB06729,http://www.tbcas.jp/ja/lib/lib5/data/MCJB06729/files/assets/flash/pages/page0001_s.png
MCJB06731,http://www.tbcas.jp/ja/lib/lib5/data/MCJB06731/files/assets/flash/pages/page0001_s.png
MCJB06732,http://www.tbcas.jp/ja/lib/lib5/data/MCJB06732/files/assets/flash/pages/page0001_s.png
MCJB06734,http://www.tbcas.jp/ja/lib/lib5/data/MCJB06734/files/assets/flash/pages/page0001_s.png
MCJB06735,http://www.tbcas.jp/ja/lib/lib5/data/MCJB06735/files/assets/flash/pages/page0001_s.png
MCJB06759,http://www.tbcas.jp/ja/lib/lib5/data/MCJB06759/files/assets/flash/pages/page0001_s.png
MCJB06764-HTML,http://www.tbcas.jp/ja/lib/lib5/data/MCJB06764/HTML/files/assets/flash/pages/page0001_s.png
MCJB06776,http://www.tbcas.jp/ja/lib/lib5/data/MCJB06776/files/assets/flash/pages/page0001_s.png
MCJB06777-HTML,http://www.tbcas.jp/ja/lib/lib5/data/MCJB06777/HTML/files/assets/flash/pages/page0001_s.png
MCJB06778-HTML,http://www.tbcas.jp/ja/lib/lib5/data/MCJB06778/HTML/files/assets/flash/pages/page0001_s.png
MCJB06780-HTML,http://www.tbcas.jp/ja/lib/lib5/data/MCJB06780/HTML/files/assets/flash/pages/page0001_s.png
MCJB06783-HTML,http://www.tbcas.jp/ja/lib/lib5/data/MCJB06783/HTML/files/assets/flash/pages/page0001_s.png
MCJB06784-HTML,http://www.tbcas.jp/ja/lib/lib5/data/MCJB06784/HTML/files/assets/flash/pages/page0001_s.png
MCJB06785-HTML,http://www.tbcas.jp/ja/lib/lib5/data/MCJB06785/HTML/files/assets/flash/pages/page0001_s.png
MCJB06786-HTML,http://www.tbcas.jp/ja/lib/lib5/data/MCJB06786/HTML/files/assets/flash/pages/page0001_s.png
MCJB06788-HTML,http://www.tbcas.jp/ja/lib/lib5/data/MCJB06788/HTML/files/assets/flash/pages/page0001_s.png
MCJB06789-HTML,http://www.tbcas.jp/ja/lib/lib5/data/MCJB06789/HTML/files/assets/flash/pages/page0001_s.png
MCJB06790-HTML,http://www.tbcas.jp/ja/lib/lib5/data/MCJB06790/HTML/files/assets/flash/pages/page0001_s.png
MCJB06791-HTML,http://www.tbcas.jp/ja/lib/lib5/data/MCJB06791/HTML/files/assets/flash/pages/page0001_s.png
MCJB06792-HTML,http://www.tbcas.jp/ja/lib/lib5/data/MCJB06792/HTML/files/assets/flash/pages/page0001_s.png
MCJB06793-HTML,http://www.tbcas.jp/ja/lib/lib5/data/MCJB06793/HTML/files/assets/flash/pages/page0001_s.png
MCJB06902-HTML,http://www.tbcas.jp/ja/lib/lib5/data/MCJB06902/HTML/files/assets/flash/pages/page0001_s.png
MCJB06924-HTML,http://www.tbcas.jp/ja/lib/lib5/data/MCJB06924/HTML/files/assets/flash/pages/page0001_s.png
MCJB06971-HTML,http://www.tbcas.jp/ja/lib/lib5/data/MCJB06971/HTML/files/assets/flash/pages/page0001_s.png
MCJB06984-HTML,http://www.tbcas.jp/ja/lib/lib5/data/MCJB06984/HTML/files/assets/flash/pages/page0001_s.png
MCJB06985-HTML,http://www.tbcas.jp/ja/lib/lib5/data/MCJB06985/HTML/files/assets/flash/pages/page0001_s.png
MCJB07004-HTML,http://www.tbcas.jp/ja/lib/lib5/data/MCJB07004/HTML/files/assets/flash/pages/page0001_s.png
MCJB07014-HTML,http://www.tbcas.jp/ja/lib/lib5/data/MCJB07014/HTML/files/assets/flash/pages/page0001_s.png
MCJB07017(1)-HTML,http://www.tbcas.jp/ja/lib/lib5/data/MCJB07017(1)/HTML/files/assets/flash/pages/page0001_s.png
MCJB07017(2)-HTML,http://www.tbcas.jp/ja/lib/lib5/data/MCJB07017(2)/HTML/files/assets/flash/pages/page0001_s.png
MCJB07044-HTML,http://www.tbcas.jp/ja/lib/lib5/data/MCJB07044/HTML/files/assets/flash/pages/page0001_s.png
MCJB07051-HTML,http://www.tbcas.jp/ja/lib/lib5/data/MCJB07051/HTML/files/assets/flash/pages/page0001_s.png
MCJB07120-HTML,http://www.tbcas.jp/ja/lib/lib5/data/MCJB07120/HTML/files/assets/flash/pages/page0001_s.png
MCJB07122-HTML,http://www.tbcas.jp/ja/lib/lib5/data/MCJB07122/HTML/files/assets/flash/pages/page0001_s.png
MCJB07187-HTML,http://www.tbcas.jp/ja/lib/lib5/data/MCJB07187/HTML/files/assets/flash/pages/page0001_s.png
MCJB07189-HTML,http://www.tbcas.jp/ja/lib/lib5/data/MCJB07189/HTML/files/assets/flash/pages/page0001_s.png
MCJB07194-HTML,http://www.tbcas.jp/ja/lib/lib5/data/MCJB07194/HTML/files/assets/flash/pages/page0001_s.png
MCJB07195-HTML,http://www.tbcas.jp/ja/lib/lib5/data/MCJB07195/HTML/files/assets/flash/pages/page0001_s.png
MCJB07196-HTML,http://www.tbcas.jp/ja/lib/lib5/data/MCJB07196/HTML/files/assets/flash/pages/page0001_s.png
MCJB07200-HTML,http://www.tbcas.jp/ja/lib/lib5/data/MCJB07200/HTML/files/assets/flash/pages/page0001_s.png
MCJB07201-HTML,http://www.tbcas.jp/ja/lib/lib5/data/MCJB07201/HTML/files/assets/flash/pages/page0001_s.png
MCJB07236(1)-HTML,http://www.tbcas.jp/ja/lib/lib5/data/MCJB07236(1)/HTML/files/assets/flash/pages/page0001_s.png
MCJB07236(2)-HTML,http://www.tbcas.jp/ja/lib/lib5/data/MCJB07236(2)/HTML/files/assets/flash/pages/page0001_s.png
MCJB07236(3)-HTML,http://www.tbcas.jp/ja/lib/lib5/data/MCJB07236(3)/HTML/files/assets/flash/pages/page0001_s.png
MCJB07236(4)-HTML,http://www.tbcas.jp/ja/lib/lib5/data/MCJB07236(4)/HTML/files/assets/flash/pages/page0001_s.png
MCJB07236(5)-HTML,http://www.tbcas.jp/ja/lib/lib5/data/MCJB07236(5)/HTML/files/assets/flash/pages/page0001_s.png
MCJB07236(6)-HTML,http://www.tbcas.jp/ja/lib/lib5/data/MCJB07236(6)/HTML/files/assets/flash/pages/page0001_s.png
MCJB07236(7)-HTML,http://www.tbcas.jp/ja/lib/lib5/data/MCJB07236(7)/HTML/files/assets/flash/pages/page0001_s.png
MCJB07236(8)-HTML,http://www.tbcas.jp/ja/lib/lib5/data/MCJB07236(8)/HTML/files/assets/flash/pages/page0001_s.png
MCJB07236(9)-HTML,http://www.tbcas.jp/ja/lib/lib5/data/MCJB07236(9)/HTML/files/assets/flash/pages/page0001_s.png
MCJB07242-HTML,http://www.tbcas.jp/ja/lib/lib5/data/MCJB07242/HTML/files/assets/flash/pages/page0001_s.png
MCJB07249-HTML,http://www.tbcas.jp/ja/lib/lib5/data/MCJB07249/HTML/files/assets/flash/pages/page0001_s.png
MCJB07250-HTML,http://www.tbcas.jp/ja/lib/lib5/data/MCJB07250/HTML/files/assets/flash/pages/page0001_s.png
MCJB07255-HTML,http://www.tbcas.jp/ja/lib/lib5/data/MCJB07255/HTML/files/assets/flash/pages/page0001_s.png
MCJB07256-HTML,http://www.tbcas.jp/ja/lib/lib5/data/MCJB07256/HTML/files/assets/flash/pages/page0001_s.png
MCJB07264-HTML,http://www.tbcas.jp/ja/lib/lib5/data/MCJB07264/HTML/files/assets/flash/pages/page0001_s.png
MCJB07265-HTML,http://www.tbcas.jp/ja/lib/lib5/data/MCJB07265/HTML/files/assets/flash/pages/page0001_s.png
MCJB07267-HTML,http://www.tbcas.jp/ja/lib/lib5/data/MCJB07267/HTML/files/assets/flash/pages/page0001_s.png
MCJB07270-HTML,http://www.tbcas.jp/ja/lib/lib5/data/MCJB07270/HTML/files/assets/flash/pages/page0001_s.png
MCJB07302(1)-HTML,http://www.tbcas.jp/ja/lib/lib5/data/MCJB07302(1)/HTML/files/assets/flash/pages/page0001_s.png
MCJB07302(2)-HTML,http://www.tbcas.jp/ja/lib/lib5/data/MCJB07302(2)/HTML/files/assets/flash/pages/page0001_s.png
MCJB07302(3)-HTML,http://www.tbcas.jp/ja/lib/lib5/data/MCJB07302(3)/HTML/files/assets/flash/pages/page0001_s.png
MCJB07306(1)-HTML,http://www.tbcas.jp/ja/lib/lib5/data/MCJB07306(1)/HTML/files/assets/flash/pages/page0001_s.png
MCJB07306(2)-HTML,http://www.tbcas.jp/ja/lib/lib5/data/MCJB07306(2)/HTML/files/assets/flash/pages/page0001_s.png
MCJB07306(3)-HTML,http://www.tbcas.jp/ja/lib/lib5/data/MCJB07306(3)/HTML/files/assets/flash/pages/page0001_s.png
MCJB07330-HTML,http://www.tbcas.jp/ja/lib/lib5/data/MCJB07330/HTML/files/assets/flash/pages/page0001_s.png
MCJB07350-HTML,http://www.tbcas.jp/ja/lib/lib5/data/MCJB07350/HTML/files/assets/flash/pages/page0001_s.png
MCJB07352-HTML,http://www.tbcas.jp/ja/lib/lib5/data/MCJB07352/HTML/files/assets/flash/pages/page0001_s.png
MCJB07353-HTML,http://www.tbcas.jp/ja/lib/lib5/data/MCJB07353/HTML/files/assets/flash/pages/page0001_s.png
MCJB07357-HTML,http://www.tbcas.jp/ja/lib/lib5/data/MCJB07357/HTML/files/assets/flash/pages/page0001_s.png
MCJB07426-HTML,http://www.tbcas.jp/ja/lib/lib5/data/MCJB07426/HTML/files/assets/flash/pages/page0001_s.png
MCJB07427(1)-HTML,http://www.tbcas.jp/ja/lib/lib5/data/MCJB07427(1)/HTML/files/assets/flash/pages/page0001_s.png
MCJB07427(2)-HTML,http://www.tbcas.jp/ja/lib/lib5/data/MCJB07427(2)/HTML/files/assets/flash/pages/page0001_s.png
MCJB07427(3)-HTML,http://www.tbcas.jp/ja/lib/lib5/data/MCJB07427(3)/HTML/files/assets/flash/pages/page0001_s.png
MCJB07430-HTML,http://www.tbcas.jp/ja/lib/lib5/data/MCJB07430/HTML/files/assets/flash/pages/page0001_s.png
MCJB07432-HTML,http://www.tbcas.jp/ja/lib/lib5/data/MCJB07432/HTML/files/assets/flash/pages/page0001_s.png
MCJB07436(1)-HTML,http://www.tbcas.jp/ja/lib/lib5/data/MCJB07436(1)/HTML/files/assets/flash/pages/page0001_s.png
MCJB07436(2)-HTML,http://www.tbcas.jp/ja/lib/lib5/data/MCJB07436(2)/HTML/files/assets/flash/pages/page0001_s.png
MCJB07436(3)-HTML,http://www.tbcas.jp/ja/lib/lib5/data/MCJB07436(3)/HTML/files/assets/flash/pages/page0001_s.png
MCJB07576-HTML,http://www.tbcas.jp/ja/lib/lib5/data/MCJB07576/HTML/files/assets/flash/pages/page0001_s.png
MCJB07653-HTML,http://www.tbcas.jp/ja/lib/lib5/data/MCJB07653/HTML/files/assets/flash/pages/page0001_s.png
MCJB07656-HTML,http://www.tbcas.jp/ja/lib/lib5/data/MCJB07656/HTML/files/assets/flash/pages/page0001_s.png
MCJB07822-HTML,http://www.tbcas.jp/ja/lib/lib5/data/MCJB07822/HTML/files/assets/flash/pages/page0001_s.png
MCJB07828-HTML,http://www.tbcas.jp/ja/lib/lib5/data/MCJB07828/HTML/files/assets/flash/pages/page0001_s.png
MCJB07829-HTML,http://www.tbcas.jp/ja/lib/lib5/data/MCJB07829/HTML/files/assets/flash/pages/page0001_s.png
MCJB07830-HTML,http://www.tbcas.jp/ja/lib/lib5/data/MCJB07830/HTML/files/assets/flash/pages/page0001_s.png
MCJB07832-HTML,http://www.tbcas.jp/ja/lib/lib5/data/MCJB07832/HTML/files/assets/flash/pages/page0001_s.png
MCJB07911-HTML,http://www.tbcas.jp/ja/lib/lib5/data/MCJB07911/HTML/files/assets/flash/pages/page0001_s.png
MCJB07985-HTML,http://www.tbcas.jp/ja/lib/lib5/data/MCJB07985/HTML/files/assets/flash/pages/page0001_s.png
MCJB08006-HTML,http://www.tbcas.jp/ja/lib/lib5/data/MCJB08006/HTML/files/assets/flash/pages/page0001_s.png
MCJB08009-HTML,http://www.tbcas.jp/ja/lib/lib5/data/MCJB08009/HTML/files/assets/flash/pages/page0001_s.png
MCJB08011-HTML,http://www.tbcas.jp/ja/lib/lib5/data/MCJB08011/HTML/files/assets/flash/pages/page0001_s.png
MCJB08016-HTML,http://www.tbcas.jp/ja/lib/lib5/data/MCJB08016/HTML/files/assets/flash/pages/page0001_s.png
MCJB08017-HTML,http://www.tbcas.jp/ja/lib/lib5/data/MCJB08017/HTML/files/assets/flash/pages/page0001_s.png
MCJB08018-HTML,http://www.tbcas.jp/ja/lib/lib5/data/MCJB08018/HTML/files/assets/flash/pages/page0001_s.png
MCJB08019-HTML,http://www.tbcas.jp/ja/lib/lib5/data/MCJB08019/HTML/files/assets/flash/pages/page0001_s.png
MCJB08020-HTML,http://www.tbcas.jp/ja/lib/lib5/data/MCJB08020/HTML/files/assets/flash/pages/page0001_s.png
MCJB08021-HTML,http://www.tbcas.jp/ja/lib/lib5/data/MCJB08021/HTML/files/assets/flash/pages/page0001_s.png
MCJB08027-HTML,http://www.tbcas.jp/ja/lib/lib5/data/MCJB08027/HTML/files/assets/flash/pages/page0001_s.png
MCJB08028-HTML,http://www.tbcas.jp/ja/lib/lib5/data/MCJB08028/HTML/files/assets/flash/pages/page0001_s.png
MCJB08029-HTML,http://www.tbcas.jp/ja/lib/lib5/data/MCJB08029/HTML/files/assets/flash/pages/page0001_s.png
MCJB08030-HTML,http://www.tbcas.jp/ja/lib/lib5/data/MCJB08030/HTML/files/assets/flash/pages/page0001_s.png
MCJB08031-HTML,http://www.tbcas.jp/ja/lib/lib5/data/MCJB08031/HTML/files/assets/flash/pages/page0001_s.png
MCJB08043-HTML,http://www.tbcas.jp/ja/lib/lib5/data/MCJB08043/HTML/files/assets/flash/pages/page0001_s.png
MCJB08046-HTML,http://www.tbcas.jp/ja/lib/lib5/data/MCJB08046/HTML/files/assets/flash/pages/page0001_s.png
MCJB08047-HTML,http://www.tbcas.jp/ja/lib/lib5/data/MCJB08047/HTML/files/assets/flash/pages/page0001_s.png
MCJB08048-HTML,http://www.tbcas.jp/ja/lib/lib5/data/MCJB08048/HTML/files/assets/flash/pages/page0001_s.png
MCJB08049-HTML,http://www.tbcas.jp/ja/lib/lib5/data/MCJB08049/HTML/files/assets/flash/pages/page0001_s.png
MCJB08050-HTML,http://www.tbcas.jp/ja/lib/lib5/data/MCJB08050/HTML/files/assets/flash/pages/page0001_s.png
MCJB08052-HTML,http://www.tbcas.jp/ja/lib/lib5/data/MCJB08052/HTML/files/assets/flash/pages/page0001_s.png
MCJB08053-HTML,http://www.tbcas.jp/ja/lib/lib5/data/MCJB08053/HTML/files/assets/flash/pages/page0001_s.png
MCJB08056(1)-HTML,http://www.tbcas.jp/ja/lib/lib5/data/MCJB08056(1)/HTML/files/assets/flash/pages/page0001_s.png
MCJB08056(2)-HTML,http://www.tbcas.jp/ja/lib/lib5/data/MCJB08056(2)/HTML/files/assets/flash/pages/page0001_s.png
MCJB08056(3)-HTML,http://www.tbcas.jp/ja/lib/lib5/data/MCJB08056(3)/HTML/files/assets/flash/pages/page0001_s.png
MCJB08057-HTML,http://www.tbcas.jp/ja/lib/lib5/data/MCJB08057/HTML/files/assets/flash/pages/page0001_s.png
MCJB08058-HTML,http://www.tbcas.jp/ja/lib/lib5/data/MCJB08058/HTML/files/assets/flash/pages/page0001_s.png
MCJB08061-HTML,http://www.tbcas.jp/ja/lib/lib5/data/MCJB08061/HTML/files/assets/flash/pages/page0001_s.png
MCJB08062-HTML,http://www.tbcas.jp/ja/lib/lib5/data/MCJB08062/HTML/files/assets/flash/pages/page0001_s.png
MCJB08075-HTML,http://www.tbcas.jp/ja/lib/lib5/data/MCJB08075/HTML/files/assets/flash/pages/page0001_s.png
MCJB08076-HTML,http://www.tbcas.jp/ja/lib/lib5/data/MCJB08076/HTML/files/assets/flash/pages/page0001_s.png
MCJB08077-HTML,http://www.tbcas.jp/ja/lib/lib5/data/MCJB08077/HTML/files/assets/flash/pages/page0001_s.png
MCJB08114-HTML,http://www.tbcas.jp/ja/lib/lib5/data/MCJB08114/HTML/files/assets/flash/pages/page0001_s.png
MCJB08115-HTML,http://www.tbcas.jp/ja/lib/lib5/data/MCJB08115/HTML/files/assets/flash/pages/page0001_s.png
MCJB08116-HTML,http://www.tbcas.jp/ja/lib/lib5/data/MCJB08116/HTML/files/assets/flash/pages/page0001_s.png
MCJB08118-HTML,http://www.tbcas.jp/ja/lib/lib5/data/MCJB08118/HTML/files/assets/flash/pages/page0001_s.png
MCJB08132-HTML,http://www.tbcas.jp/ja/lib/lib5/data/MCJB08132/HTML/files/assets/flash/pages/page0001_s.png
MCJB08156-HTML,http://www.tbcas.jp/ja/lib/lib5/data/MCJB08156/HTML/files/assets/flash/pages/page0001_s.png
MCJB08178-HTML,http://www.tbcas.jp/ja/lib/lib5/data/MCJB08178/HTML/files/assets/flash/pages/page0001_s.png
MCJB08218-HTML,http://www.tbcas.jp/ja/lib/lib5/data/MCJB08218/HTML/files/assets/flash/pages/page0001_s.png
MCJB08223-HTML,http://www.tbcas.jp/ja/lib/lib5/data/MCJB08223/HTML/files/assets/flash/pages/page0001_s.png
MCJB08224-HTML,http://www.tbcas.jp/ja/lib/lib5/data/MCJB08224/HTML/files/assets/flash/pages/page0001_s.png
MCJB08236-HTML,http://www.tbcas.jp/ja/lib/lib5/data/MCJB08236/HTML/files/assets/flash/pages/page0001_s.png
MCJB08237-HTML,http://www.tbcas.jp/ja/lib/lib5/data/MCJB08237/HTML/files/assets/flash/pages/page0001_s.png
MCJB08238-HTML,http://www.tbcas.jp/ja/lib/lib5/data/MCJB08238/HTML/files/assets/flash/pages/page0001_s.png
MCJB08241-HTML,http://www.tbcas.jp/ja/lib/lib5/data/MCJB08241/HTML/files/assets/flash/pages/page0001_s.png
MCJB08242-HTML,http://www.tbcas.jp/ja/lib/lib5/data/MCJB08242/HTML/files/assets/flash/pages/page0001_s.png
MCJB08243-HTML,http://www.tbcas.jp/ja/lib/lib5/data/MCJB08243/HTML/files/assets/flash/pages/page0001_s.png
MCJB08244-HTML,http://www.tbcas.jp/ja/lib/lib5/data/MCJB08244/HTML/files/assets/flash/pages/page0001_s.png
MCJB08252-HTML,http://www.tbcas.jp/ja/lib/lib5/data/MCJB08252/HTML/files/assets/flash/pages/page0001_s.png
MCJB08302-HTML,http://www.tbcas.jp/ja/lib/lib5/data/MCJB08302/HTML/files/assets/flash/pages/page0001_s.png
MCJB08312-HTML,http://www.tbcas.jp/ja/lib/lib5/data/MCJB08312/HTML/files/assets/flash/pages/page0001_s.png
MCJB08314-HTML,http://www.tbcas.jp/ja/lib/lib5/data/MCJB08314/HTML/files/assets/flash/pages/page0001_s.png
MCJB08352-HTML,http://www.tbcas.jp/ja/lib/lib5/data/MCJB08352/HTML/files/assets/flash/pages/page0001_s.png
MCJB08359-HTML,http://www.tbcas.jp/ja/lib/lib5/data/MCJB08359/HTML/files/assets/flash/pages/page0001_s.png
MCJB08364-HTML,http://www.tbcas.jp/ja/lib/lib5/data/MCJB08364/HTML/files/assets/flash/pages/page0001_s.png
MCJB08400-HTML,http://www.tbcas.jp/ja/lib/lib5/data/MCJB08400/HTML/files/assets/flash/pages/page0001_s.png
MCJB08450-HTML,http://www.tbcas.jp/ja/lib/lib5/data/MCJB08450/HTML/files/assets/flash/pages/page0001_s.png
MCJB08452-HTML,http://www.tbcas.jp/ja/lib/lib5/data/MCJB08452/HTML/files/assets/flash/pages/page0001_s.png
MCJB08460-HTML,http://www.tbcas.jp/ja/lib/lib5/data/MCJB08460/HTML/files/assets/flash/pages/page0001_s.png
MCJB08466,http://www.tbcas.jp/ja/lib/lib5/data/MCJB08466/files/assets/flash/pages/page0001_s.png
MCJB08469-HTML,http://www.tbcas.jp/ja/lib/lib5/data/MCJB08469/HTML/files/assets/flash/pages/page0001_s.png
MCJB08471-HTML,http://www.tbcas.jp/ja/lib/lib5/data/MCJB08471/HTML/files/assets/flash/pages/page0001_s.png
MCJB08472-HTML,http://www.tbcas.jp/ja/lib/lib5/data/MCJB08472/HTML/files/assets/flash/pages/page0001_s.png
MCJB08474-HTML,http://www.tbcas.jp/ja/lib/lib5/data/MCJB08474/HTML/files/assets/flash/pages/page0001_s.png
MCJB08477-HTML,http://www.tbcas.jp/ja/lib/lib5/data/MCJB08477/HTML/files/assets/flash/pages/page0001_s.png
MCJB08488-HTML,http://www.tbcas.jp/ja/lib/lib5/data/MCJB08488/HTML/files/assets/flash/pages/page0001_s.png
MCJB08538-HTML,http://www.tbcas.jp/ja/lib/lib5/data/MCJB08538/HTML/files/assets/flash/pages/page0001_s.png
MCJB08650-HTML,http://www.tbcas.jp/ja/lib/lib5/data/MCJB08650/HTML/files/assets/flash/pages/page0001_s.png
MCJB08817-HTML,http://www.tbcas.jp/ja/lib/lib5/data/MCJB08817/HTML/files/assets/flash/pages/page0001_s.png
MCJB08818-HTML,http://www.tbcas.jp/ja/lib/lib5/data/MCJB08818/HTML/files/assets/flash/pages/page0001_s.png
MCJB08819-HTML,http://www.tbcas.jp/ja/lib/lib5/data/MCJB08819/HTML/files/assets/flash/pages/page0001_s.png
MCJB08820-HTML,http://www.tbcas.jp/ja/lib/lib5/data/MCJB08820/HTML/files/assets/flash/pages/page0001_s.png
MCJB08821-HTML,http://www.tbcas.jp/ja/lib/lib5/data/MCJB08821/HTML/files/assets/flash/pages/page0001_s.png
MCJB08822-HTML,http://www.tbcas.jp/ja/lib/lib5/data/MCJB08822/HTML/files/assets/flash/pages/page0001_s.png
MCJB08827-HTML,http://www.tbcas.jp/ja/lib/lib5/data/MCJB08827/HTML/files/assets/flash/pages/page0001_s.png
MCJB08966-HTML,http://www.tbcas.jp/ja/lib/lib5/data/MCJB08966/HTML/files/assets/flash/pages/page0001_s.png
MCJB08968-HTML,http://www.tbcas.jp/ja/lib/lib5/data/MCJB08968/HTML/files/assets/flash/pages/page0001_s.png
MCJB08969-HTML,http://www.tbcas.jp/ja/lib/lib5/data/MCJB08969/HTML/files/assets/flash/pages/page0001_s.png
MCJB08971-HTML,http://www.tbcas.jp/ja/lib/lib5/data/MCJB08971/HTML/files/assets/flash/pages/page0001_s.png
MCJB08973-HTML,http://www.tbcas.jp/ja/lib/lib5/data/MCJB08973/HTML/files/assets/flash/pages/page0001_s.png
MCJB08974-HTML,http://www.tbcas.jp/ja/lib/lib5/data/MCJB08974/HTML/files/assets/flash/pages/page0001_s.png
MCJB09007(1)-HTML,http://www.tbcas.jp/ja/lib/lib5/data/MCJB09007(1)/HTML/files/assets/flash/pages/page0001_s.png
MCJB09007(2)-HTML,http://www.tbcas.jp/ja/lib/lib5/data/MCJB09007(2)/HTML/files/assets/flash/pages/page0001_s.png
MCJB09016-HTML,http://www.tbcas.jp/ja/lib/lib5/data/MCJB09016/HTML/files/assets/flash/pages/page0001_s.png
MCJB09019(1)-HTML,http://www.tbcas.jp/ja/lib/lib5/data/MCJB09019(1)/HTML/files/assets/flash/pages/page0001_s.png
MCJB09019(2)-HTML,http://www.tbcas.jp/ja/lib/lib5/data/MCJB09019(2)/HTML/files/assets/flash/pages/page0001_s.png
MCJB09049-HTML,http://www.tbcas.jp/ja/lib/lib5/data/MCJB09049/HTML/files/assets/flash/pages/page0001_s.png
MCJB09054-HTML,http://www.tbcas.jp/ja/lib/lib5/data/MCJB09054/HTML/files/assets/flash/pages/page0001_s.png
MCJB09055(1)-HTML,http://www.tbcas.jp/ja/lib/lib5/data/MCJB09055(1)/HTML/files/assets/flash/pages/page0001_s.png
MCJB09055(10)-HTML,http://www.tbcas.jp/ja/lib/lib5/data/MCJB09055(10)/HTML/files/assets/flash/pages/page0001_s.png
MCJB09055(11)-HTML,http://www.tbcas.jp/ja/lib/lib5/data/MCJB09055(11)/HTML/files/assets/flash/pages/page0001_s.png
MCJB09055(2)-HTML,http://www.tbcas.jp/ja/lib/lib5/data/MCJB09055(2)/HTML/files/assets/flash/pages/page0001_s.png
MCJB09055(3)-HTML,http://www.tbcas.jp/ja/lib/lib5/data/MCJB09055(3)/HTML/files/assets/flash/pages/page0001_s.png
MCJB09055(4)-HTML,http://www.tbcas.jp/ja/lib/lib5/data/MCJB09055(4)/HTML/files/assets/flash/pages/page0001_s.png
MCJB09055(5)-HTML,http://www.tbcas.jp/ja/lib/lib5/data/MCJB09055(5)/HTML/files/assets/flash/pages/page0001_s.png
MCJB09055(6)-HTML,http://www.tbcas.jp/ja/lib/lib5/data/MCJB09055(6)/HTML/files/assets/flash/pages/page0001_s.png
MCJB09055(7)-HTML,http://www.tbcas.jp/ja/lib/lib5/data/MCJB09055(7)/HTML/files/assets/flash/pages/page0001_s.png
MCJB09055(8)-HTML,http://www.tbcas.jp/ja/lib/lib5/data/MCJB09055(8)/HTML/files/assets/flash/pages/page0001_s.png
MCJB09055(9)-HTML,http://www.tbcas.jp/ja/lib/lib5/data/MCJB09055(9)/HTML/files/assets/flash/pages/page0001_s.png
MCJB09056-HTML,http://www.tbcas.jp/ja/lib/lib5/data/MCJB09056/HTML/files/assets/flash/pages/page0001_s.png
MCJB09068-HTML,http://www.tbcas.jp/ja/lib/lib5/data/MCJB09068/HTML/files/assets/flash/pages/page0001_s.png
MCJB09069-HTML,http://www.tbcas.jp/ja/lib/lib5/data/MCJB09069/HTML/files/assets/flash/pages/page0001_s.png
MCJB09070(1)-HTML,http://www.tbcas.jp/ja/lib/lib5/data/MCJB09070(1)/HTML/files/assets/flash/pages/page0001_s.png
MCJB09070(2)-HTML,http://www.tbcas.jp/ja/lib/lib5/data/MCJB09070(2)/HTML/files/assets/flash/pages/page0001_s.png
MCJB09070(3)-HTML,http://www.tbcas.jp/ja/lib/lib5/data/MCJB09070(3)/HTML/files/assets/flash/pages/page0001_s.png
MCJB09070(4)-HTML,http://www.tbcas.jp/ja/lib/lib5/data/MCJB09070(4)/HTML/files/assets/flash/pages/page0001_s.png
MCJB09143-HTML,http://www.tbcas.jp/ja/lib/lib5/data/MCJB09143/HTML/files/assets/flash/pages/page0001_s.png
MCJB09144-HTML,http://www.tbcas.jp/ja/lib/lib5/data/MCJB09144/HTML/files/assets/flash/pages/page0001_s.png
MCJB09145-HTML,http://www.tbcas.jp/ja/lib/lib5/data/MCJB09145/HTML/files/assets/flash/pages/page0001_s.png
MCJB09152-HTML,http://www.tbcas.jp/ja/lib/lib5/data/MCJB09152/HTML/files/assets/flash/pages/page0001_s.png
MCJB09160-HTML,http://www.tbcas.jp/ja/lib/lib5/data/MCJB09160/HTML/files/assets/flash/pages/page0001_s.png
MCJB09279(1)-HTML,http://www.tbcas.jp/ja/lib/lib5/data/MCJB09279(1)/HTML/files/assets/flash/pages/page0001_s.png
MCJB09279(2)-HTML,http://www.tbcas.jp/ja/lib/lib5/data/MCJB09279(2)/HTML/files/assets/flash/pages/page0001_s.png
MCJB09279(3)-HTML,http://www.tbcas.jp/ja/lib/lib5/data/MCJB09279(3)/HTML/files/assets/flash/pages/page0001_s.png
MCJB09279(4)-HTML,http://www.tbcas.jp/ja/lib/lib5/data/MCJB09279(4)/HTML/files/assets/flash/pages/page0001_s.png
MCJB09306-HTML,http://www.tbcas.jp/ja/lib/lib5/data/MCJB09306/HTML/files/assets/flash/pages/page0001_s.png
MCJB09307-HTML,http://www.tbcas.jp/ja/lib/lib5/data/MCJB09307/HTML/files/assets/flash/pages/page0001_s.png
MCJB09417-HTML,http://www.tbcas.jp/ja/lib/lib5/data/MCJB09417/HTML/files/assets/flash/pages/page0001_s.png
MCJB09420-HTML,http://www.tbcas.jp/ja/lib/lib5/data/MCJB09420/HTML/files/assets/flash/pages/page0001_s.png
MCJB09423-HTML,http://www.tbcas.jp/ja/lib/lib5/data/MCJB09423/HTML/files/assets/flash/pages/page0001_s.png
MCJB09424-HTML,http://www.tbcas.jp/ja/lib/lib5/data/MCJB09424/HTML/files/assets/flash/pages/page0001_s.png
MCJB09430-HTML,http://www.tbcas.jp/ja/lib/lib5/data/MCJB09430/HTML/files/assets/flash/pages/page0001_s.png
MCJB09431-HTML,http://www.tbcas.jp/ja/lib/lib5/data/MCJB09431/HTML/files/assets/flash/pages/page0001_s.png
MCJB09432-HTML,http://www.tbcas.jp/ja/lib/lib5/data/MCJB09432/HTML/files/assets/flash/pages/page0001_s.png
MCJB09433-HTML,http://www.tbcas.jp/ja/lib/lib5/data/MCJB09433/HTML/files/assets/flash/pages/page0001_s.png
MCJB09434-HTML,http://www.tbcas.jp/ja/lib/lib5/data/MCJB09434/HTML/files/assets/flash/pages/page0001_s.png
MCJB09435-HTML,http://www.tbcas.jp/ja/lib/lib5/data/MCJB09435/HTML/files/assets/flash/pages/page0001_s.png
MCJB09437-HTML,http://www.tbcas.jp/ja/lib/lib5/data/MCJB09437/HTML/files/assets/flash/pages/page0001_s.png
MCJB09477-HTML,http://www.tbcas.jp/ja/lib/lib5/data/MCJB09477/HTML/files/assets/flash/pages/page0001_s.png
MCJB09498-HTML,http://www.tbcas.jp/ja/lib/lib5/data/MCJB09498/HTML/files/assets/flash/pages/page0001_s.png
MCJB09499-HTML,http://www.tbcas.jp/ja/lib/lib5/data/MCJB09499/HTML/files/assets/flash/pages/page0001_s.png
MCJB09502-HTML,http://www.tbcas.jp/ja/lib/lib5/data/MCJB09502/HTML/files/assets/flash/pages/page0001_s.png
MCJB09506-HTML,http://www.tbcas.jp/ja/lib/lib5/data/MCJB09506/HTML/files/assets/flash/pages/page0001_s.png
MCJB09515-HTML,http://www.tbcas.jp/ja/lib/lib5/data/MCJB09515/HTML/files/assets/flash/pages/page0001_s.png
MCJB09525-HTML,http://www.tbcas.jp/ja/lib/lib5/data/MCJB09525/HTML/files/assets/flash/pages/page0001_s.png
MCJB09527-HTML,http://www.tbcas.jp/ja/lib/lib5/data/MCJB09527/HTML/files/assets/flash/pages/page0001_s.png
MCJB09530-HTML,http://www.tbcas.jp/ja/lib/lib5/data/MCJB09530/HTML/files/assets/flash/pages/page0001_s.png
MCJB09531-HTML,http://www.tbcas.jp/ja/lib/lib5/data/MCJB09531/HTML/files/assets/flash/pages/page0001_s.png
MCJB09532-HTML,http://www.tbcas.jp/ja/lib/lib5/data/MCJB09532/HTML/files/assets/flash/pages/page0001_s.png
MCJB09547-HTML,http://www.tbcas.jp/ja/lib/lib5/data/MCJB09547/HTML/files/assets/flash/pages/page0001_s.png
MCJB09551-HTML,http://www.tbcas.jp/ja/lib/lib5/data/MCJB09551/HTML/files/assets/flash/pages/page0001_s.png
MCJB09576-HTML,http://www.tbcas.jp/ja/lib/lib5/data/MCJB09576/HTML/files/assets/flash/pages/page0001_s.png
MCJB09602-HTML,http://www.tbcas.jp/ja/lib/lib5/data/MCJB09602/HTML/files/assets/flash/pages/page0001_s.png
MCJB09606-HTML,http://www.tbcas.jp/ja/lib/lib5/data/MCJB09606/HTML/files/assets/flash/pages/page0001_s.png
MCJB09695(1)-HTML,http://www.tbcas.jp/ja/lib/lib5/data/MCJB09695(1)/HTML/files/assets/flash/pages/page0001_s.png
MCJB09695(2)-HTML,http://www.tbcas.jp/ja/lib/lib5/data/MCJB09695(2)/HTML/files/assets/flash/pages/page0001_s.png
MCJB09695(3)-HTML,http://www.tbcas.jp/ja/lib/lib5/data/MCJB09695(3)/HTML/files/assets/flash/pages/page0001_s.png
MCJB09721-HTML,http://www.tbcas.jp/ja/lib/lib5/data/MCJB09721/HTML/files/assets/flash/pages/page0001_s.png
MCJB09722-HTML,http://www.tbcas.jp/ja/lib/lib5/data/MCJB09722/HTML/files/assets/flash/pages/page0001_s.png
MCJB09723(1)-HTML,http://www.tbcas.jp/ja/lib/lib5/data/MCJB09723(1)/HTML/files/assets/flash/pages/page0001_s.png
MCJB09723(2)-HTML,http://www.tbcas.jp/ja/lib/lib5/data/MCJB09723(2)/HTML/files/assets/flash/pages/page0001_s.png
MCJB09806-HTML,http://www.tbcas.jp/ja/lib/lib5/data/MCJB09806/HTML/files/assets/flash/pages/page0001_s.png
MCJB09949-HTML,http://www.tbcas.jp/ja/lib/lib5/data/MCJB09949/HTML/files/assets/flash/pages/page0001_s.png
MCJB09985-HTML,http://www.tbcas.jp/ja/lib/lib5/data/MCJB09985/HTML/files/assets/flash/pages/page0001_s.png
MCJB09986-HTML,http://www.tbcas.jp/ja/lib/lib5/data/MCJB09986/HTML/files/assets/flash/pages/page0001_s.png
MCJB09998-HTML,http://www.tbcas.jp/ja/lib/lib5/data/MCJB09998/HTML/files/assets/flash/pages/page0001_s.png
MCJB10041-HTML,http://www.tbcas.jp/ja/lib/lib5/data/MCJB10041/HTML/files/assets/flash/pages/page0001_s.png
MCJB10242-HTML,http://www.tbcas.jp/ja/lib/lib5/data/MCJB10242/HTML/files/assets/flash/pages/page0001_s.png
MCJB10264-HTML,http://www.tbcas.jp/ja/lib/lib5/data/MCJB10264/HTML/files/assets/flash/pages/page0001_s.png
MCJB10265-HTML,http://www.tbcas.jp/ja/lib/lib5/data/MCJB10265/HTML/files/assets/flash/pages/page0001_s.png
MCJB10266-HTML,http://www.tbcas.jp/ja/lib/lib5/data/MCJB10266/HTML/files/assets/flash/pages/page0001_s.png
MCJB10267-HTML,http://www.tbcas.jp/ja/lib/lib5/data/MCJB10267/HTML/files/assets/flash/pages/page0001_s.png
MCJB10268-HTML,http://www.tbcas.jp/ja/lib/lib5/data/MCJB10268/HTML/files/assets/flash/pages/page0001_s.png
MCJB10418-HTML,http://www.tbcas.jp/ja/lib/lib5/data/MCJB10418/HTML/files/assets/flash/pages/page0001_s.png
MCJB10419-HTML,http://www.tbcas.jp/ja/lib/lib5/data/MCJB10419/HTML/files/assets/flash/pages/page0001_s.png
MCJB10529-HTML,http://www.tbcas.jp/ja/lib/lib5/data/MCJB10529/HTML/files/assets/flash/pages/page0001_s.png
MCJB10532-HTML,http://www.tbcas.jp/ja/lib/lib5/data/MCJB10532/HTML/files/assets/flash/pages/page0001_s.png
MCJB10730-HTML,http://www.tbcas.jp/ja/lib/lib5/data/MCJB10730/HTML/files/assets/flash/pages/page0001_s.png
MCJB10731-HTML,http://www.tbcas.jp/ja/lib/lib5/data/MCJB10731/HTML/files/assets/flash/pages/page0001_s.png
MCJB10732-HTML,http://www.tbcas.jp/ja/lib/lib5/data/MCJB10732/HTML/files/assets/flash/pages/page0001_s.png
MCJB11005-HTML,http://www.tbcas.jp/ja/lib/lib5/data/MCJB11005/HTML/files/assets/flash/pages/page0001_s.png
MCJB11067-HTML,http://www.tbcas.jp/ja/lib/lib5/data/MCJB11067/HTML/files/assets/flash/pages/page0001_s.png
MCJB11100-HTML,http://www.tbcas.jp/ja/lib/lib5/data/MCJB11100/HTML/files/assets/flash/pages/page0001_s.png
MCJB11105-HTML,http://www.tbcas.jp/ja/lib/lib5/data/MCJB11105/HTML/files/assets/flash/pages/page0001_s.png
MCJB11106-HTML,http://www.tbcas.jp/ja/lib/lib5/data/MCJB11106/HTML/files/assets/flash/pages/page0001_s.png
MCJB11107-HTML,http://www.tbcas.jp/ja/lib/lib5/data/MCJB11107/HTML/files/assets/flash/pages/page0001_s.png
MCJB11108-HTML,http://www.tbcas.jp/ja/lib/lib5/data/MCJB11108/HTML/files/assets/flash/pages/page0001_s.png
MCJB11109-HTML,http://www.tbcas.jp/ja/lib/lib5/data/MCJB11109/HTML/files/assets/flash/pages/page0001_s.png
MCJB13544-HTML,http://www.tbcas.jp/ja/lib/lib5/data/MCJB13544/HTML/files/assets/flash/pages/page0001_s.png
MCJB13732-HTML,http://www.tbcas.jp/ja/lib/lib5/data/MCJB13732/HTML/files/assets/flash/pages/page0001_s.png
